title, author, rating, format, price, year
Chicago 1871: A Science Fiction Thriller,,4.8 out of 5 stars, ,11.99,2019
Faction 9: A Novel of Revolution,James Firelocke,4.6 out of 5 stars, ,0.00,2018
Where the Crawdads Sing,Delia Owens,4.8 out of 5 stars, ,15.60,2018
Eleanor Oliphant Is Completely Fine: A Novel,Gail Honeyman,4.6 out of 5 stars, ,11.99,2017
The complete novels of Charles Dickens,Charles Dickens,4.6 out of 5 stars, ,0.00,
Little Fires Everywhere,Celeste Ng,4.3 out of 5 stars, ,13.99,2017
Ordinary Grace,William Kent Krueger,4.6 out of 5 stars, ,10.87,2014
The Alchemist,Paulo Coelho,4.6 out of 5 stars, ,10.27,2014
Up from the Sea: A Whose Waves These Are Novella,Amanda Dykes,5.0 out of 5 stars, ,0.00,2019
The Scribner Anthology of Contemporary Short Fiction: 50 North American Stories Since 1970 (Touchstone Books (Paperback)),Michael Martone,4.2 out of 5 stars, ,14.48,2007
More Than One Truth,,4.7 out of 5 stars, ,2.99,2018
Five Fathoms Beneath,J.R. Alcyone,5.0 out of 5 stars, ,0.00,2018
Faded Over You,,4.4 out of 5 stars, ,0.00,2018
Flowers in the Snow (The Edenville Series Book 1),Danielle Stewart,4.6 out of 5 stars, ,0.00,2015
The Hideaway,Lauren K. Denton,4.5 out of 5 stars, ,5.99,2017
We Were the Lucky Ones: A Novel,Georgia Hunter,4.8 out of 5 stars, ,12.80,2018
Beneath a Scarlet Sky: A Novel,Mark Sullivan,4.8 out of 5 stars, ,8.97,2017
The Goldfinch: A Novel (Pulitzer Prize for Fiction),Donna Tartt,3.8 out of 5 stars, ,12.36,2015
Fallen Star (Project Gauntlet Book 1),Richard Turner,4.3 out of 5 stars, ,0.00,2017
I Love Me Some Him,Ash Ley,4.7 out of 5 stars, ,0.00,2019
Addiction,Margaret McHeyzer,4.7 out of 5 stars, ,4.99,2018
Legal Reserves,James Rosenberg,4.6 out of 5 stars, ,0.00,2018
Five Fathoms Beneath,J.R. Alcyone,5.0 out of 5 stars, ,0.00,2018
A SLAVE'S SONG,Michael Edwin Q.,4.3 out of 5 stars, ,0.00,2016
The Things We Leave Behind,Tanya Anne Crosby,3.7 out of 5 stars, ,0.00,2016
Less (Winner of the Pulitzer Prize): A Novel,Andrew Sean Greer,3.7 out of 5 stars, ,9.99,2017
The Tuscan Child,Rhys Bowen,4.3 out of 5 stars, ,11.99,2018
Then She Was Gone: A Novel,Lisa Jewell,4.3 out of 5 stars, ,11.99,2018
Sold on a Monday: A Novel,Kristina McMorris,4.3 out of 5 stars, ,7.59,2018
The Watchmaker's Daughter (Glass and Steele Book 1),C.J. Archer,4.3 out of 5 stars, ,0.00,2016
The One,John Marrs,4.3 out of 5 stars, ,0.00,2018
A Gentleman in Moscow: A Novel,Amor Towles,4.7 out of 5 stars, ,12.99,2016
Etched in Shadow Hill Cemetery,Jocelyn A Dorgan,4.7 out of 5 stars, ,0.00,2016
The Haunting of Abram Mansion: A Riveting Haunted House Mystery,Alexandria Clarke,4.4 out of 5 stars, ,0.00,2019
All the Ugly and Wonderful Things: A Novel,Bryn Greenwood,4.3 out of 5 stars, ,8.79,2017
Faded Over You,,4.4 out of 5 stars, ,0.00,2018
The 28th Gate: Volume 1,Christopher C. Dimond,4.4 out of 5 stars, ,0.00,2018
A Prairie Heritage: The Early Years,Vikki Kestell,4.9 out of 5 stars, ,0.00,2017
Flirty Thirty (Nerdy Thirties Book 1),Cassie Mae,4.3 out of 5 stars, ,0.00,2016
Necessary Lies: A Novel,Diane Chamberlain,4.6 out of 5 stars, ,9.99,2013
The Runaway Children: Gripping and heartbreaking historical fiction,Sandy Taylor,4.6 out of 5 stars, ,9.99,2017
A Dead End (A Saints & Strangers Cozy Mystery Book 1),Keeley Bates,4.3 out of 5 stars, ,0.00,2015
Addiction,Margaret McHeyzer,4.7 out of 5 stars, ,4.99,2018
More Than One Truth,,4.7 out of 5 stars, ,2.99,2018
Five Fathoms Beneath,J.R. Alcyone,5.0 out of 5 stars, ,0.00,2018
A SLAVE'S SONG,Michael Edwin Q.,4.3 out of 5 stars, ,0.00,2016
I Love Me Some Him,Ash Ley,4.7 out of 5 stars, ,0.00,2019
Meant for Me (The Carlyle Women Book 1),Lyn Cote,4.3 out of 5 stars, ,0.00,2018
The Witch Elm: A Novel,Tana French,3.4 out of 5 stars, ,14.99,2018
The Emotional Craft of Fiction: How to Write the Story Beneath the Surface,Donald Maass,4.7 out of 5 stars, ,11.55,2016
Seeker,Douglas E. Richards,4.2 out of 5 stars, ,0.00,2018
That Bona Fide Hood Love: Kaseem and Kasslyn (Standalone),Shvonne Latrice,4.9 out of 5 stars, ,0.00,2019
Origin: A Novel (Robert Langdon),Dan Brown,4.2 out of 5 stars, ,7.99,2017
The Goldfinch: A Novel (Pulitzer Prize for Fiction),Donna Tartt,3.8 out of 5 stars, ,12.36,2015
Etched in Shadow Hill Cemetery,Jocelyn A Dorgan,4.7 out of 5 stars, ,0.00,2016
The Haunting of Abram Mansion: A Riveting Haunted House Mystery,Alexandria Clarke,4.4 out of 5 stars, ,0.00,2019
The Defender of Rebel Falls: A Medieval Science Fiction Adventure (The William Whitehall Adventures Book 1),Erik Christensen,4.6 out of 5 stars, ,0.00,2017
Past Tense: A Jack Reacher Novel,Lee Child,3.9 out of 5 stars, ,14.99,2018
Something in the Water: A Novel,Catherine Steadman,3.8 out of 5 stars, ,12.99,2018
The Scribner Anthology of Contemporary Short Fiction: 50 North American Stories Since 1970 (Touchstone Books (Paperback)),Michael Martone,4.2 out of 5 stars, ,14.48,2007
All the Light We Cannot See: A Novel,Anthony Doerr,4.6 out of 5 stars, ,12.99,2014
STILL I WILL FOLLOW (A Miller's Creek Novel Book 7),Cathy Bryant,4.9 out of 5 stars, ,0.00,2017
Desperate 4 Love,,, ,0.00,2019
Crazy Rich Asians (Crazy Rich Asians Trilogy Book 1),Kevin Kwan,4.2 out of 5 stars, ,9.99,2013
Addiction,Margaret McHeyzer,4.7 out of 5 stars, ,4.99,2018
More Than One Truth,,4.7 out of 5 stars, ,2.99,2018
Addiction,Margaret McHeyzer,4.7 out of 5 stars, ,4.99,2018
Etched in Shadow Hill Cemetery,Jocelyn A Dorgan,4.7 out of 5 stars, ,0.00,2016
Seeker,Douglas E. Richards,4.2 out of 5 stars, ,0.00,2018
Duck for Cover (Nuclear Survival: Northern Exposure Book 2),Harley Tate,5.0 out of 5 stars, ,0.00,2019
STILL I WILL FOLLOW (A Miller's Creek Novel Book 7),Cathy Bryant,4.9 out of 5 stars, ,0.00,2017
My Time,Bradley Bleckwehl,, ,0.00,2019
Take Care of You (Taking Care Book 1),Gianni Holmes,4.4 out of 5 stars, ,0.00,2019
Meant for Me (The Carlyle Women Book 1),Lyn Cote,4.3 out of 5 stars, ,0.00,2018
The Alice Network: A Novel,Kate Quinn,4.7 out of 5 stars, ,11.99,2017
The One,John Marrs,4.3 out of 5 stars, ,0.00,2018
The Haunting of Abram Mansion: A Riveting Haunted House Mystery,Alexandria Clarke,4.4 out of 5 stars, ,0.00,2019
The Letter: A captivating story of forbidden love, secrets, and sacrifice.,Ruth Saberton,4.7 out of 5 stars, ,0.00,2017
Origin: A Children of the Spear Novella,Rhett Gervais,4.6 out of 5 stars, ,0.00,2019
I Still Love Me Some Him (I Love Me Some Him Book 2),Ash Ley,4.1 out of 5 stars, ,0.00,2019
Shattered Star,Tiffany Forbes,5.0 out of 5 stars, ,0.00,2019
The Year's Best Science Fiction and Fantasy Volume 13,Jonathan Strahan,, ,13.38,2019
Before We Were Yours: A Novel,Lisa Wingate,4.7 out of 5 stars, ,12.99,2017
The Aliomenti Saga Box Set (Books 1-3),Alex Albrinck,4.1 out of 5 stars, ,0.00,2013
Choices,Lyn Gardner,4.9 out of 5 stars, ,7.99,2019
The Defender of Rebel Falls: A Medieval Science Fiction Adventure (The William Whitehall Adventures Book 1),Erik Christensen,4.6 out of 5 stars, ,0.00,2017
Five Fathoms Beneath,J.R. Alcyone,5.0 out of 5 stars, ,0.00,2018
More Than One Truth,,4.7 out of 5 stars, ,2.99,2018
Five Fathoms Beneath,J.R. Alcyone,5.0 out of 5 stars, ,0.00,2018
A SLAVE'S SONG,Michael Edwin Q.,4.3 out of 5 stars, ,0.00,2016
The Watchmaker's Daughter (Glass and Steele Book 1),C.J. Archer,4.3 out of 5 stars, ,0.00,2016
Magic After Dark: 7 Books Full of Adventure and Romance Featuring Werewolves, Demons, Vampires, and Angels in the Modern World,Aimee Easterling,4.8 out of 5 stars, ,0.00,2019
What She Don't Know (Her Secret Love Series Book 1),Mia Black,4.6 out of 5 stars, ,0.00,2018
The Point of Light (Historical Fiction Book 1),John Ellsworth,4.4 out of 5 stars, ,0.00,2019
The 28th Gate: Volume 1,Christopher C. Dimond,4.4 out of 5 stars, ,0.00,2018
Loving The Wrong Man,Mia Black,4.6 out of 5 stars, ,0.00,2016
Twice Shy (The Power of Love Book 1),Mona Ingram,4.5 out of 5 stars, ,0.00,2019
The Year's Best Science Fiction: Thirty-Fifth Annual Collection,,4.3 out of 5 stars, ,13.01,2018
Etched in Shadow Hill Cemetery,Jocelyn A Dorgan,4.7 out of 5 stars, ,0.00,2016
The Haunting of Abram Mansion: A Riveting Haunted House Mystery,Alexandria Clarke,4.4 out of 5 stars, ,0.00,2019
Dark Paths: Liberation War Book 4,John Walker,, ,0.00,2019
An Elephant in the Garden: Inspired by a True Story,Michael Morpurgo,4.6 out of 5 stars, ,6.96,2013
The Science Fiction Hall of Fame, Vol. 1: 1929-1964,Robert Silverberg,4.6 out of 5 stars, ,13.33,2005
Flight of the Sparrow: A Novel of Early America,Amy Belding Brown,4.5 out of 5 stars, ,9.59,2014
Alien Brute: A Sci-Fi Alien Romance (Vaxxlian Mates Book 4),Sue Mercury,4.5 out of 5 stars, ,0.00,2019
The Reluctant Bid: Distinguished Gentlemen Series,Sheryl Lister,5.0 out of 5 stars, ,0.00,2019
The Story Of Us: A Secret Baby Romance (Serenity House Book 1),Molly O'Keefe,4.4 out of 5 stars, ,3.80,2018
Merchants of War (Broken Arrow Mercenary Force Book 1),Rick Partlow,5.0 out of 5 stars, ,0.00,2019
Addiction,Margaret McHeyzer,4.7 out of 5 stars, ,4.99,2018
More Than One Truth,,4.7 out of 5 stars, ,2.99,2018
Five Fathoms Beneath,J.R. Alcyone,5.0 out of 5 stars, ,0.00,2018
A SLAVE'S SONG,Michael Edwin Q.,4.3 out of 5 stars, ,0.00,2016
Send Down the Rain: New from the author of The Mountains Between Us and the New York Times bestseller Where the River Ends,Charles Martin,4.7 out of 5 stars, ,9.99,2018
Red War (A Mitch Rapp Novel Book 15),Vince Flynn,4.1 out of 5 stars, ,14.99,2018
Mission Improbable (Carrie Hatchett, Space Adventurer Series Book 1),J.J. Green,4.1 out of 5 stars, ,0.00,2015
The complete novels of Charles Dickens,Charles Dickens,4.6 out of 5 stars, ,0.00,
Two Tocks before Midnight: A 19th Century Historical Murder Mystery Novella (The Agora Mystery Series Book 1),Clay Boutwell,4.4 out of 5 stars, ,0.00,2012
The Secret Orphan: A gripping historical novel,Glynis Peters,4.4 out of 5 stars, ,0.99,2018
The Wrong Side of Goodbye (A Harry Bosch Novel Book 19),Michael Connelly,4.7 out of 5 stars, ,9.99,2016
Silk Road: A haunting story of adventure, romance and courage,Colin Falconer,4.2 out of 5 stars, ,0.00,2017
Etched in Shadow Hill Cemetery,Jocelyn A Dorgan,4.7 out of 5 stars, ,0.00,2016
The Haunting of Abram Mansion: A Riveting Haunted House Mystery,Alexandria Clarke,4.4 out of 5 stars, ,0.00,2019
Always and Forever: A Sweet & Clean Historical Romance (Second Chance Brides Book 7),Wendy Lindstrom,4.4 out of 5 stars, ,0.00,2016
I'll Always Love Me Some Him (I Love Me Some Him Book 3),Ash Ley,4.9 out of 5 stars, ,0.00,2019
The Tattooist of Auschwitz: A Novel,Heather Morris,4.6 out of 5 stars, ,8.99,2018
The Perfect Family: An unputdownable psychological thriller with a heartstopping twist,Shalini Boland,4.5 out of 5 stars, ,3.99,2018
Thicker than Blood (Thicker than Blood series Book 1),C. J. Darlington,4.5 out of 5 stars, ,0.00,2013
The Final Homestead: EMP Survival in a Powerless World,James Hunt,4.3 out of 5 stars, ,0.00,2019
Trafficked!: A Natalie McMasters Mystery (The Natalie McMasters Mysteries Book 3),Thomas A. Burns,4.4 out of 5 stars, ,0.00,2019
Born To Magic (Tales Of Nevaeh Book 1),David Wind,4.6 out of 5 stars, ,0.00,2015
Addiction,Margaret McHeyzer,4.7 out of 5 stars, ,4.99,2018
More Than One Truth,,4.7 out of 5 stars, ,2.99,2018
Five Fathoms Beneath,J.R. Alcyone,5.0 out of 5 stars, ,0.00,2018
A SLAVE'S SONG,Michael Edwin Q.,4.3 out of 5 stars, ,0.00,2016
The Book Thief,Markus Zusak,4.6 out of 5 stars, ,10.69,2007
Illusion: An Eomix Galaxy Novel (Book 1 of 2),Christa Yelich-Koth,4.5 out of 5 stars, ,0.00,2015
Born To Magic (Tales Of Nevaeh Book 1),David Wind,4.6 out of 5 stars, ,0.00,2015
Writing Fiction: The Practical Guide from New York's Acclaimed Creative Writing School,Gotham Writers' Workshop,4.6 out of 5 stars, ,10.74,2003
Tom Clancy Oath of Office (A Jack Ryan Novel Book 19),Marc Cameron,4.1 out of 5 stars, ,14.99,2018
Uptown Hustle 2: The Saga Continues,La'Mya Morris,4.6 out of 5 stars, ,0.00,2014
The Nightingale: A Novel,Kristin Hannah,4.8 out of 5 stars, ,9.94,2017
An Introduction to Fiction (11th Edition),X. J. Kennedy,4.3 out of 5 stars, ,82.35,2009
Etched in Shadow Hill Cemetery,Jocelyn A Dorgan,4.7 out of 5 stars, ,0.00,2016
The Haunting of Abram Mansion: A Riveting Haunted House Mystery,Alexandria Clarke,4.4 out of 5 stars, ,0.00,2019
You're My Kind,Clare Lydon,4.7 out of 5 stars, ,0.00,2019
Soldier of Fortune: A Gideon Quinn Adventure (The Fortune Chronicles Book 1),Kathleen McClure,4.5 out of 5 stars, ,0.00,2015
Cowboy Fairytales: Books 1 & 2,Lacy Williams,4.4 out of 5 stars, ,0.00,2017
The Aliomenti Saga Box Set (Books 1-3),Alex Albrinck,4.1 out of 5 stars, ,0.00,2013
Pretty Broken Girl: An Unconventional Love Story,Jeana E. Mann,4.5 out of 5 stars, ,0.00,2015
PILGRIMAGE OF PROMISE (A Miller's Creek Novel Book 4),Cathy Bryant,4.7 out of 5 stars, ,0.00,2013
Choices,Lyn Gardner,4.9 out of 5 stars, ,7.99,2019
LGBTQ Fiction and Poetry from Appalachia,Jeff Mann,5.0 out of 5 stars, ,20.06,2019
Addiction,Margaret McHeyzer,4.7 out of 5 stars, ,4.99,2018
More Than One Truth,,4.7 out of 5 stars, ,2.99,2018
Five Fathoms Beneath,J.R. Alcyone,5.0 out of 5 stars, ,0.00,2018
The Letter: A captivating story of forbidden love, secrets, and sacrifice.,Ruth Saberton,4.7 out of 5 stars, ,0.00,2017
The Readers' Advisory Guide to Genre Fiction, Third Edition (Ala Readers' Advisory),,, ,64.99,2018
Merchants of War (Broken Arrow Mercenary Force Book 1),Rick Partlow,5.0 out of 5 stars, ,0.00,2019
The Great Alone: A Novel,Kristin Hannah,4.6 out of 5 stars, ,14.99,2018
The Extraordinary Life of Sam Hell: A Novel,Robert Dugoni,4.7 out of 5 stars, ,11.99,2018
Shattered Star,Tiffany Forbes,5.0 out of 5 stars, ,0.00,2019
American Science Fiction: Eight Classic Novels of the 1960s 2C BOX SET,,, ,75.00,2019
Prototype D (Prototype D Series Book 1),Jason D. Morrow,4.3 out of 5 stars, ,0.00,2015
True Fiction (Ian Ludlow Thrillers Book 1),Lee Goldberg,4.4 out of 5 stars, ,0.00,2018
Etched in Shadow Hill Cemetery,Jocelyn A Dorgan,4.7 out of 5 stars, ,0.00,2016
The Haunting of Abram Mansion: A Riveting Haunted House Mystery,Alexandria Clarke,4.4 out of 5 stars, ,0.00,2019
I Love You, But I Don't Mean To,,4.4 out of 5 stars, ,0.00,2018
Thicker than Blood (Thicker than Blood series Book 1),C. J. Darlington,4.5 out of 5 stars, ,0.00,2013
The Fortress: A Historical Fiction Novel Based On A WW2 True Story,Jonathan Hillinger,4.7 out of 5 stars, ,0.00,2019
The Point of Light (Historical Fiction Book 1),John Ellsworth,4.4 out of 5 stars, ,0.00,2019
The Enceladus Mission: Hard Science Fiction (Ice Moon),Brandon Q. Morris,4.1 out of 5 stars, ,11.51,2018
All the Light We Cannot See: A Novel,Anthony Doerr,4.6 out of 5 stars, ,12.99,2014
Nine Perfect Strangers,Liane Moriarty,3.4 out of 5 stars, ,14.99,2018
The Tuscan Child,Rhys Bowen,4.3 out of 5 stars, ,0.00,2018
Addiction,Margaret McHeyzer,4.7 out of 5 stars, ,4.99,2018
More Than One Truth,,4.7 out of 5 stars, ,2.99,2018
Five Fathoms Beneath,J.R. Alcyone,5.0 out of 5 stars, ,0.00,2018
The Letter: A captivating story of forbidden love, secrets, and sacrifice.,Ruth Saberton,4.7 out of 5 stars, ,0.00,2017
All the Light We Cannot See: A Novel,Anthony Doerr,4.6 out of 5 stars, ,12.99,2014
Nine Perfect Strangers,Liane Moriarty,3.4 out of 5 stars, ,14.99,2018
Dark Paths: Liberation War Book 4,John Walker,, ,0.00,2019
Pachinko (National Book Award Finalist),Min Jin Lee,4.5 out of 5 stars, ,9.99,2017
The Art of Fiction: Notes on Craft for Young Writers,John Gardner,4.2 out of 5 stars, ,13.11,1991
The Reluctant Bid: Distinguished Gentlemen Series,Sheryl Lister,5.0 out of 5 stars, ,0.00,2019
The Forgiving Jar (Free Preview) (The Prayer Jars Book 2),Wanda E. Brunstetter,4.1 out of 5 stars, ,0.00,2018
Uncommon Loyalty: DT7 - Book 2 (Dragon Team Seven),Toby Neighbors,4.7 out of 5 stars, ,0.00,2019
Etched in Shadow Hill Cemetery,Jocelyn A Dorgan,4.7 out of 5 stars, ,0.00,2016
The Haunting of Abram Mansion: A Riveting Haunted House Mystery,Alexandria Clarke,4.4 out of 5 stars, ,0.00,2019
BattleTech: A Clever Bit of Fiction: Kell Hounds Ascendant 3 (Kell Hounds Trilogy),Michael A. Stackpole,5.0 out of 5 stars, ,3.99,2019
Ready Player One,Ernest Cline,4.6 out of 5 stars, ,9.99,2011
The Kimberley Secret: A Jack Rogan Mysteries Prequel,Gabriel Farago,4.4 out of 5 stars, ,0.00,2018
How to Write Science Fiction & Fantasy,Orson Scott Card,4.2 out of 5 stars, ,11.97,2001
The Ragged Edge of Night,Olivia Hawker,4.5 out of 5 stars, ,0.00,2018
Essays and Fictions,,4.2 out of 5 stars, ,15.26,2019
Rogue Mate: A Science Fiction Alien Romance (Rogue Star Book 1),Elin Wyn,4.3 out of 5 stars, ,0.00,2019
The Displaced: Fall of a Fortress — One of the Best Historical Fiction Books of 2018: Volume 1 of 3,Frieda Watt,4.5 out of 5 stars, ,0.00,2018
Addiction,Margaret McHeyzer,4.7 out of 5 stars, ,4.99,2018
More Than One Truth,,4.7 out of 5 stars, ,2.99,2018
Addiction,Margaret McHeyzer,4.7 out of 5 stars, ,4.99,2018
Five Fathoms Beneath,J.R. Alcyone,5.0 out of 5 stars, ,0.00,2018
Moving On: A Contemporary Christian Romance (Ghost Of The Past Book 1),Trisha Grace,4.1 out of 5 stars, ,0.00,2012
It All Comes Back to You: A Book Club Recommendation!,Beth Duke,4.8 out of 5 stars, ,12.98,2018
Something in the Water: A Novel,Catherine Steadman,3.8 out of 5 stars, ,12.99,2018
Qualify (The Atlantis Grail Book 1),Vera Nazarian,4.5 out of 5 stars, ,0.00,2014
The Complete Fiction of H. P. Lovecraft (Chartwell Classics),,4.7 out of 5 stars, ,12.61,2016
The Things We Leave Behind,Tanya Anne Crosby,3.7 out of 5 stars, ,0.00,2016
Posed To Be In Love,Kee Nicole,5.0 out of 5 stars, ,0.00,2019
City of Shadows (Saint Tommy, NYPD Book 4),Declan Finn,, ,0.00,2019
The Letter: A captivating story of forbidden love, secrets, and sacrifice.,Ruth Saberton,4.7 out of 5 stars, ,0.00,2017
The Haunting of Abram Mansion: A Riveting Haunted House Mystery,Alexandria Clarke,4.4 out of 5 stars, ,0.00,2019
Fell For The Plug Next Door,Candi B,4.8 out of 5 stars, ,0.00,2019
The Final Homestead: EMP Survival in a Powerless World,James Hunt,4.3 out of 5 stars, ,0.00,2019
The Secret Orphan: A gripping historical novel,Glynis Peters,4.4 out of 5 stars, ,0.99,2018
An Orphan’s War: One of the best historical fiction books you will read this year,Molly Green,4.4 out of 5 stars, ,0.99,2018
The Story Of Us: A Secret Baby Romance (Serenity House Book 1),Molly O'Keefe,4.4 out of 5 stars, ,3.80,2018
The Viking (The Viking Series Book 1),Marti Talbott,4.2 out of 5 stars, ,0.00,2010
Twice Shy (The Power of Love Book 1),Mona Ingram,4.5 out of 5 stars, ,0.00,2019
Good Girl (Quick & Steamy Collection),Olivia M. Hamilton,3.4 out of 5 stars, ,0.99,2013
Etched in Shadow Hill Cemetery,Jocelyn A Dorgan,4.7 out of 5 stars, ,0.00,2016
More Than One Truth,,4.7 out of 5 stars, ,2.99,2018
Addiction,Margaret McHeyzer,4.7 out of 5 stars, ,4.99,2018
Five Fathoms Beneath,J.R. Alcyone,5.0 out of 5 stars, ,0.00,2018
Good Girl (Quick & Steamy Collection),Olivia M. Hamilton,3.4 out of 5 stars, ,0.99,2013
CIRCE,Madeline Miller,4.7 out of 5 stars, ,13.99,2018
Pandemic (The Extinction Files Book 1),A.G. Riddle,4.2 out of 5 stars, ,0.00,2017
A Love So Cold Volume 1: Nyrae and Symeer,E. Shanie,4.1 out of 5 stars, ,0.00,2018
Girls on the Line: A Novel,Aimie K. Runyan,4.7 out of 5 stars, ,0.00,2018
Still Life With Murder (Nell Sweeney Mystery Series Book 1),P.B. Ryan,4.4 out of 5 stars, ,0.00,2010
Winter World (The Long Winter Book 1),A.G. Riddle,4.7 out of 5 stars, ,0.00,2019
Dark Ages (Historical Fiction Action Adventure, set in Dark Age post Roman Britain): The Dominic Trilogy,,4.7 out of 5 stars, ,0.00,2017
The Letter: A captivating story of forbidden love, secrets, and sacrifice.,Ruth Saberton,4.7 out of 5 stars, ,0.00,2017
The Haunting of Abram Mansion: A Riveting Haunted House Mystery,Alexandria Clarke,4.4 out of 5 stars, ,0.00,2019
Infatuated With A Goon,K'Vonne,4.1 out of 5 stars, ,0.00,2018
China Rich Girlfriend: A Novel (Crazy Rich Asians Trilogy Book 2),Kevin Kwan,4.3 out of 5 stars, ,11.99,2015
The Year's Best Science Fiction: Thirty-Fifth Annual Collection,,4.3 out of 5 stars, ,11.99,2018
TEXAS ROADS (A Miller's Creek Novel Book 1),Cathy Bryant,4.7 out of 5 stars, ,0.00,2010
The Viking (The Viking Series Book 1),Marti Talbott,4.2 out of 5 stars, ,0.00,2010
Pretty Broken Girl: An Unconventional Love Story,Jeana E. Mann,4.5 out of 5 stars, ,0.00,2015
The Victory Garden: A Novel,Rhys Bowen,4.5 out of 5 stars, ,0.00,2019
Loving The Wrong Man,Mia Black,4.6 out of 5 stars, ,0.00,2016
Etched in Shadow Hill Cemetery,Jocelyn A Dorgan,4.7 out of 5 stars, ,0.00,2016
More Than One Truth,,4.7 out of 5 stars, ,2.99,2018
Addiction,Margaret McHeyzer,4.7 out of 5 stars, ,4.99,2018
Five Fathoms Beneath,J.R. Alcyone,5.0 out of 5 stars, ,0.00,2018
The Desolation: A World on Fire Book 1,C.R. Watson,4.7 out of 5 stars, ,0.00,2016
Ride With Me (A Quaking Heart Novel Book 1),Janith Hooper,4.4 out of 5 stars, ,0.00,2013
The Sometimes Sisters,Carolyn Brown,4.5 out of 5 stars, ,0.00,2018
Winter World (The Long Winter Book 1),A.G. Riddle,4.7 out of 5 stars, ,0.00,2019
Collected Fictions,Jorge Luis Borges,4.5 out of 5 stars, ,15.63,1999
The Flying Sisters and the Lost Baby Penguins,C. Hamilton Collier,, ,0.00,2019
Starstruck,Brenda Hiatt,4.3 out of 5 stars, ,0.00,2013
The Victory Garden: A Novel,Rhys Bowen,4.5 out of 5 stars, ,0.00,2019
The Letter: A captivating story of forbidden love, secrets, and sacrifice.,Ruth Saberton,4.7 out of 5 stars, ,0.00,2017
The Haunting of Abram Mansion: A Riveting Haunted House Mystery,Alexandria Clarke,4.4 out of 5 stars, ,0.00,2019
Duck for Cover (Nuclear Survival: Northern Exposure Book 2),Harley Tate,5.0 out of 5 stars, ,0.00,2019
Moving Violations,McGee Mathews,4.8 out of 5 stars, ,0.00,2019
Walking the Clouds: An Anthology of Indigenous Science Fiction (Sun Tracks),,4.4 out of 5 stars, ,24.16,2012
New Beginnings (Aspen Falls Book 1),Ellen Anderson,3.7 out of 5 stars, ,0.00,2018
The Spirit of Science Fiction: A Novel,Roberto Bolaño,4.5 out of 5 stars, ,15.91,2019
Soul Jacker: A Science Fiction Thriller (Soul Jacker Book 1),Michael John Grist,4.7 out of 5 stars, ,0.00,2019
29 (Twenty-Nine) (Twenty Nine Book 1),Nancy Pennick,4.5 out of 5 stars, ,0.00,2019
Caretaker (Book 2),Emrys Apollo,, ,0.00,2019
Etched in Shadow Hill Cemetery,Jocelyn A Dorgan,4.7 out of 5 stars, ,0.00,2016
More Than One Truth,,4.7 out of 5 stars, ,2.99,2018
Addiction,Margaret McHeyzer,4.7 out of 5 stars, ,4.99,2018
Five Fathoms Beneath,J.R. Alcyone,5.0 out of 5 stars, ,0.00,2018
Finessed By A Inmate Love: Kai And Xavier,,5.0 out of 5 stars, ,0.00,2019
Thick as Thieves: A Lesbian Romance Heist,Cara Malone,4.8 out of 5 stars, ,0.00,2019
True Fiction (Ian Ludlow Thrillers Book 1),Lee Goldberg,4.4 out of 5 stars, ,0.00,2018
Strange Days (Bill of the Dead Book 1),Rick Gualtieri,4.9 out of 5 stars, ,0.00,2019
The Blueprint (The Upgrade Book 1),Wesley Cross,4.1 out of 5 stars, ,0.00,2016
The Sleeping Girls: A Riveting Mystery,James Hunt,4.4 out of 5 stars, ,0.00,2019
Trafficked!: A Natalie McMasters Mystery (The Natalie McMasters Mysteries Book 3),Thomas A. Burns,4.4 out of 5 stars, ,0.00,2019
Touch (Omega Angel Café Book 2),Hawke Oakley,4.8 out of 5 stars, ,0.00,2019
The Letter: A captivating story of forbidden love, secrets, and sacrifice.,Ruth Saberton,4.7 out of 5 stars, ,0.00,2017
The Haunting of Abram Mansion: A Riveting Haunted House Mystery,Alexandria Clarke,4.4 out of 5 stars, ,0.00,2019
The Defiant Governess of Rosenhill Manor: A Historical Regency Romance Novel,Hanna Hamilton,4.8 out of 5 stars, ,0.00,2019
Breckinridge Valley: Surviving the Black--Book 1 of a Post-Apocalyptical series,Zack Finley,4.4 out of 5 stars, ,0.00,2019
We Could Be Heroes: A Superhero Adventure,Harmon Cooper,4.6 out of 5 stars, ,0.00,2019
Soul Jacker: A Science Fiction Thriller (Soul Jacker Book 1),Michael John Grist,4.7 out of 5 stars, ,0.00,2019
Between 2 Fires,,, ,0.00,2019
CIRCE,Madeline Miller,4.7 out of 5 stars, ,13.99,2018
Python Programming Language: Complete Guide for Beginners, Intermediates and Advanced:  7 Days Crash Course,,5.0 out of 5 stars, ,0.00,2019
Lies and F*ckery 2,King Benjamin,5.0 out of 5 stars, ,0.00,2019
Etched in Shadow Hill Cemetery,Jocelyn A Dorgan,4.7 out of 5 stars, ,0.00,2016
More Than One Truth,,4.7 out of 5 stars, ,2.99,2018
Addiction,Margaret McHeyzer,4.7 out of 5 stars, ,4.99,2018
Five Fathoms Beneath,J.R. Alcyone,5.0 out of 5 stars, ,0.00,2018
The Orphan Sisters: An utterly heartbreaking and gripping World War 2 historical novel,Shirley Dickson,4.7 out of 5 stars, ,3.99,2019
An Elephant in the Garden: Inspired by a True Story,Michael Morpurgo,4.6 out of 5 stars, ,6.96,2013
The North Star: Fast-Paced Scifi Action Adventure (Galactic Sentinel - Book One),Killian Carter,4.2 out of 5 stars, ,0.00,2019
The Dragon Blood Collection, Books 1-3,Lindsay Buroker,4.6 out of 5 stars, ,0.00,2014
Slave, Warrior, Queen (Of Crowns and Glory—Book 1),Morgan Rice,3.6 out of 5 stars, ,0.00,2016
The Forgotten Painting: A Historical Mystery Novella,Gabriel Farago,4.4 out of 5 stars, ,0.00,2016
Convenient Lies (Hidden Truth Book 1),Robin Patchen,4.7 out of 5 stars, ,0.00,2016
A Dangerous Fortune: A Novel,Ken Follett,4.4 out of 5 stars, ,8.99,2010
The Letter: A captivating story of forbidden love, secrets, and sacrifice.,Ruth Saberton,4.7 out of 5 stars, ,0.00,2017
The Haunting of Abram Mansion: A Riveting Haunted House Mystery,Alexandria Clarke,4.4 out of 5 stars, ,0.00,2019
I Still Love Me Some Him (I Love Me Some Him Book 2),Ash Ley,4.1 out of 5 stars, ,0.00,2019
Murder Under A Mystic Moon (Chintz 'n China Book 3),Yasmine Galenorn,4.6 out of 5 stars, ,0.00,2016
A Killer's Mind (Zoe Bentley Mystery Book 1),Mike Omer,4.6 out of 5 stars, ,0.00,2018
My Other Baby Mama Box Set : A Dope Boy Saga,Dani Littlepage,5.0 out of 5 stars, ,0.00,2019
Starplex,Robert J. Sawyer,4.1 out of 5 stars, ,3.99,2017
Love Has No Limits 2: Rocky's Ending and Beginning,,, ,0.00,2019
Mission Clockwork,Arthur Slade,4.6 out of 5 stars, ,0.00,2018
Out of a Dream (Sandy Cove Series Book 1),Rosemary Hines,4.3 out of 5 stars, ,0.00,2014
Etched in Shadow Hill Cemetery,Jocelyn A Dorgan,4.7 out of 5 stars, ,0.00,2016
More Than One Truth,,4.7 out of 5 stars, ,2.99,2018
Addiction,Margaret McHeyzer,4.7 out of 5 stars, ,4.99,2018
Five Fathoms Beneath,J.R. Alcyone,5.0 out of 5 stars, ,0.00,2018
The Road Beyond Ruin,Gemma Liviero,4.3 out of 5 stars, ,0.00,2019
A Discovery of Witches: A Novel (All Souls Trilogy, Book 1),Deborah Harkness,4.4 out of 5 stars, ,10.99,2011
Shattered Star,Tiffany Forbes,5.0 out of 5 stars, ,0.00,2019
Mikhai and Starr: Love on the Run,,4.8 out of 5 stars, ,0.00,2018
To Save a Sinner,Adele Clee,4.4 out of 5 stars, ,0.00,2015
Star Crossed: 7 Novels of Space Exploration, Alien Races, Adventure, and Romance,Christine Pope,4.2 out of 5 stars, ,0.00,2018
BEAR CREEK (SAGE COUNTRY Book 1),Dan Arnold,4.4 out of 5 stars, ,0.00,2013
Blind Date with a Billionaire Biker (Blind Date Disasters Book 3),Evangeline Kelly,4.8 out of 5 stars, ,0.00,2019
The Letter: A captivating story of forbidden love, secrets, and sacrifice.,Ruth Saberton,4.7 out of 5 stars, ,0.00,2017
The Haunting of Abram Mansion: A Riveting Haunted House Mystery,Alexandria Clarke,4.4 out of 5 stars, ,0.00,2019
The Lost Girls of Paris: A Novel,Pam Jenoff,4.2 out of 5 stars, ,9.99,2019
PILGRIMAGE OF PROMISE (A Miller's Creek Novel Book 4),Cathy Bryant,4.7 out of 5 stars, ,0.00,2013
Uncommon Loyalty: DT7 - Book 2 (Dragon Team Seven),Toby Neighbors,4.7 out of 5 stars, ,0.00,2019
Tormentor Mine: A Dark Romance,Anna Zaires,4.8 out of 5 stars, ,0.00,2017
Broken World: A Post-Apocalyptic Zombie Novel,Kate L. Mary,4.5 out of 5 stars, ,0.00,2014
A Spark of Light: A Novel,Jodi Picoult,3.3 out of 5 stars, ,14.99,2018
Take the Hit (Nuclear Survival: Northern Exposure Book 1),Harley Tate,4.4 out of 5 stars, ,0.00,2019
The Ravagers Box Set: Episodes 1-3,Alex Albrinck,4.3 out of 5 stars, ,0.00,2017
Etched in Shadow Hill Cemetery,Jocelyn A Dorgan,4.7 out of 5 stars, ,0.00,2016
More Than One Truth,,4.7 out of 5 stars, ,2.99,2018
Addiction,Margaret McHeyzer,4.7 out of 5 stars, ,4.99,2018
Five Fathoms Beneath,J.R. Alcyone,5.0 out of 5 stars, ,0.00,2018
The Lost Girls of Paris: A Novel,Pam Jenoff,4.2 out of 5 stars, ,9.99,2019
Essays and Fictions,,4.2 out of 5 stars, ,15.26,2019
Dust 2 Diamonds : An Urban Fairytale (Urban Fairytale Series Book 1),Queen Pen,5.0 out of 5 stars, ,0.00,2018
Mission Improbable (Carrie Hatchett, Space Adventurer Series Book 1),J.J. Green,4.1 out of 5 stars, ,0.00,2015
His Thug Love Got Me Feenin',E Shanie,4.6 out of 5 stars, ,0.00,2018
City of Shadows (Saint Tommy, NYPD Book 4),Declan Finn,, ,0.00,2019
Love and War,Sky Black,5.0 out of 5 stars, ,0.00,2019
The Breakers Series: Books 1-3,Edward W. Robertson,4.4 out of 5 stars, ,0.00,2013
The Letter: A captivating story of forbidden love, secrets, and sacrifice.,Ruth Saberton,4.7 out of 5 stars, ,0.00,2017
The Haunting of Abram Mansion: A Riveting Haunted House Mystery,Alexandria Clarke,4.4 out of 5 stars, ,0.00,2019
The Mischievous Plan of a Fiery Lady: A Historical Regency Romance Book,Henrietta Harding,4.4 out of 5 stars, ,0.00,2019
Walking the Clouds: An Anthology of Indigenous Science Fiction (Sun Tracks),,4.4 out of 5 stars, ,24.16,2012
A Suite Deal: A Clean Small-Town Romance (Suite Love in Buttermilk Falls Book 1),Sue Gibson,3.9 out of 5 stars, ,0.00,2019
The Art of Fiction: Notes on Craft for Young Writers,John Gardner,4.2 out of 5 stars, ,13.11,1991
Sorry for Existing: Contemporary YA with a sci-fi twist,Russell Nohelty,4.5 out of 5 stars, ,0.00,2016
You're Going to Miss Me When I'm Gone,,4.0 out of 5 stars, ,0.00,2017
Illusion: An Eomix Galaxy Novel (Book 1 of 2),Christa Yelich-Koth,4.5 out of 5 stars, ,0.00,2015
Her One Mistake,Heidi Perks,4.3 out of 5 stars, ,13.99,2019
Etched in Shadow Hill Cemetery,Jocelyn A Dorgan,4.7 out of 5 stars, ,0.00,2016
More Than One Truth,,4.7 out of 5 stars, ,2.99,2018
Addiction,Margaret McHeyzer,4.7 out of 5 stars, ,4.99,2018
Five Fathoms Beneath,J.R. Alcyone,5.0 out of 5 stars, ,0.00,2018
Mask of Duplicity (The Jacobite Chronicles Book 1),Julia Brannan,4.5 out of 5 stars, ,0.00,2015
Starshine: Aurora Rising Book One (Aurora Rhapsody 1),G. S. Jennsen,4.3 out of 5 stars, ,0.00,2014
Love and War,Sky Black,5.0 out of 5 stars, ,0.00,2019
The Proving (The Earth-X Trilogy Book 1),Ken Brosky,4.2 out of 5 stars, ,0.00,2018
Divine Intervention: A Divine Cozy Mystery (Divine Christian Cozy Mysteries Series Book 1),Hope Callaghan,4.8 out of 5 stars, ,0.00,2019
Self-Editing for Fiction Writers, Second Edition: How to Edit Yourself Into Print,,4.6 out of 5 stars, ,12.40,2004
The Flight Attendant: A Novel,Chris Bohjalian,3.8 out of 5 stars, ,9.99,2018
The Best Science Fiction and Fantasy of the Year, Volume Twelve,,4.1 out of 5 stars, ,6.15,2018
The Letter: A captivating story of forbidden love, secrets, and sacrifice.,Ruth Saberton,4.7 out of 5 stars, ,0.00,2017
The Haunting of Abram Mansion: A Riveting Haunted House Mystery,Alexandria Clarke,4.4 out of 5 stars, ,0.00,2019
Gotham Writers' Workshop: Writing Fiction: The Practical Guide From New York's Acclaimed Creative Writing School,Alexander Steele,4.6 out of 5 stars, ,10.20,2010
Between 2 Fires,,, ,0.00,2019
Lake Of Sins: Escape: A YA dystopian adventure like no other.,L. S. O'Dea,4.4 out of 5 stars, ,0.00,2014
Ship's Log (The Alliance Book 1),,3.6 out of 5 stars, ,0.00,2019
Tom Clancy Line of Sight (A Jack Ryan Jr. Novel Book 4),Mike Maden,3.7 out of 5 stars, ,9.99,2018
My Time,Bradley Bleckwehl,, ,0.00,2019
City of Shadows (Saint Tommy, NYPD Book 4),Declan Finn,, ,0.00,2019
The Beach House,Mary Alice Monroe,4.6 out of 5 stars, ,0.00,2017
Etched in Shadow Hill Cemetery,Jocelyn A Dorgan,4.7 out of 5 stars, ,0.00,2016
More Than One Truth,,4.7 out of 5 stars, ,2.99,2018
Addiction,Margaret McHeyzer,4.7 out of 5 stars, ,4.99,2018
Five Fathoms Beneath,J.R. Alcyone,5.0 out of 5 stars, ,0.00,2018
Extensis Vitae,Gregory Mattix,4.1 out of 5 stars, ,0.00,2013
Never Have I Ever Kissed My Brother's Best Friend (Never Ever Love Series Book 1),Juliet Bardsley,4.3 out of 5 stars, ,0.00,2019
The Best Science Fiction and Fantasy of the Year, Volume Twelve,,4.1 out of 5 stars, ,6.15,2018
Qualify (The Atlantis Grail Book 1),Vera Nazarian,4.5 out of 5 stars, ,0.00,2014
The Spirit Keeper: A Novel,K. B. Laugheed,4.6 out of 5 stars, ,13.11,2013
Ruffling Society,Kay Moser,5.0 out of 5 stars, ,0.00,2018
Trying Times (The Valens Legacy Book 14),Jan Stryvant,4.9 out of 5 stars, ,0.00,2019
Never Thought I'd Love A Thug,Kiana,4.0 out of 5 stars, ,0.00,2017
The Letter: A captivating story of forbidden love, secrets, and sacrifice.,Ruth Saberton,4.7 out of 5 stars, ,0.00,2017
The Haunting of Abram Mansion: A Riveting Haunted House Mystery,Alexandria Clarke,4.4 out of 5 stars, ,0.00,2019
Her Highlander's Heart: Scottish Medieval Highlander Romance Novel (Highlanders of Cadney Book 2),Fiona Faris,4.7 out of 5 stars, ,0.00,2019
Sorrow's Mate,Lowan Anderson,4.3 out of 5 stars, ,0.00,2013
An Anonymous Girl: A Novel,Greer Hendricks,4.2 out of 5 stars, ,14.99,2019
Send Down the Rain: New from the author of The Mountains Between Us and the New York Times bestseller Where the River Ends,Charles Martin,4.7 out of 5 stars, ,9.99,2018
Relatively Normal (Relativity Series Book 1),Whitney Dineen,4.3 out of 5 stars, ,0.00,2018
Greed: An Amber Monroe Crime Thriller Book 1,C.M. Sutter,4.2 out of 5 stars, ,0.00,2018
Caroline's Love (Mail Order Brides of Hickory Stick Book 1),Patricia PacJac Carroll,4.5 out of 5 stars, ,0.00,2014
Past Tense: A Jack Reacher Novel,Lee Child,3.9 out of 5 stars, ,14.99,2018
Etched in Shadow Hill Cemetery,Jocelyn A Dorgan,4.7 out of 5 stars, ,0.00,2016
More Than One Truth,,4.7 out of 5 stars, ,2.99,2018
Addiction,Margaret McHeyzer,4.7 out of 5 stars, ,4.99,2018
Five Fathoms Beneath,J.R. Alcyone,5.0 out of 5 stars, ,0.00,2018
For Once in My Life: An absolutely perfect laugh out loud romantic comedy,Colleen Coleman,3.8 out of 5 stars, ,2.99,2018
The House of Closed Doors,Jane Steen,4.4 out of 5 stars, ,0.00,2012
Surviving The Evacuation, Book 1: London,Frank Tayell,4.2 out of 5 stars, ,0.00,2013
Wolfpack 351,R. Cameron Cooke,4.7 out of 5 stars, ,0.00,2019
Luvin' My Dirty South Thug 2,S.R. Fletcher,4.5 out of 5 stars, ,0.00,2018
Place Called Freedom,Ken Follett,4.3 out of 5 stars, ,7.99,2010
Her One Mistake,Heidi Perks,4.3 out of 5 stars, ,13.99,2019
Ranger Redemption (Texas Ranger Heroes Book 2),Lynn Shannon,4.8 out of 5 stars, ,0.00,2019
The Letter: A captivating story of forbidden love, secrets, and sacrifice.,Ruth Saberton,4.7 out of 5 stars, ,0.00,2017
The Haunting of Abram Mansion: A Riveting Haunted House Mystery,Alexandria Clarke,4.4 out of 5 stars, ,0.00,2019
The Wild Wood (The Sevens Book 1),Julie Anne Nelson,4.7 out of 5 stars, ,0.00,2012
Sentence of Marriage (Promises to Keep Book 1),Shayne Parkinson,3.8 out of 5 stars, ,0.00,2011
The Secret Sense of Wildflower - Southern Historical Fiction, Best Book of 2012,Susan Gabriel,4.4 out of 5 stars, ,6.99,2013
The Queen's Daughters (Kate Bushnell Series Book 2),Lorry Lutz,4.8 out of 5 stars, ,0.00,2017
The Year’s Best Science Fiction & Fantasy, 2018 Edition,Rich Horton,3.4 out of 5 stars, ,6.99,2018
Dope Boys Love Hennessy,Sha Jones,4.7 out of 5 stars, ,0.00,2018
Dark Sacred Night (A Renée Ballard and Harry Bosch Novel Book 1),Michael Connelly,4.5 out of 5 stars, ,14.99,2018
The Love that Unites Us: A Historical Western Romance Book,Carol Colyer,4.7 out of 5 stars, ,0.00,2019
Etched in Shadow Hill Cemetery,Jocelyn A Dorgan,4.7 out of 5 stars, ,0.00,2016
More Than One Truth,,4.7 out of 5 stars, ,2.99,2018
Addiction,Margaret McHeyzer,4.7 out of 5 stars, ,4.99,2018
Five Fathoms Beneath,J.R. Alcyone,5.0 out of 5 stars, ,0.00,2018
Infatuated With A Goon,K'Vonne,4.1 out of 5 stars, ,0.00,2018
Wonderbook (Revised and Expanded): The Illustrated Guide to Creating Imaginative Fiction,Jeff VanderMeer,4.5 out of 5 stars, ,16.99,2018
Beyond the Gates (The Starborn Redemption Book 1),Jason D. Morrow,4.7 out of 5 stars, ,0.00,2019
The Wrong Side of Goodbye (A Harry Bosch Novel),Michael Connelly,4.7 out of 5 stars, ,8.99,2017
The Secrets We Keep: A gripping emotional page turner,Kate Hewitt,4.2 out of 5 stars, ,3.99,2018
Once Late With a .38 (A Sheriff Ben Stillman Western),Peter Brandvold,4.6 out of 5 stars, ,0.00,2019
The Winter Sea,Susanna Kearsley,4.5 out of 5 stars, ,13.18,2010
Q and Sade: A Compton Love Story,Jade Jones,4.4 out of 5 stars, ,0.00,2017
The Letter: A captivating story of forbidden love, secrets, and sacrifice.,Ruth Saberton,4.7 out of 5 stars, ,0.00,2017
The Haunting of Abram Mansion: A Riveting Haunted House Mystery,Alexandria Clarke,4.4 out of 5 stars, ,0.00,2019
Moving On: A Contemporary Christian Romance (Ghost Of The Past Book 1),Trisha Grace,4.1 out of 5 stars, ,0.00,2012
Writing Fiction For Dummies,Randy Ingermanson,4.6 out of 5 stars, ,14.70,2009
The Very Best of the Best: 35 Years of The Year's Best Science Fiction,,4.2 out of 5 stars, ,11.99,2019
The Ones We Choose,Julie Clark,4.8 out of 5 stars, ,8.79,2018
A Dangerous Fortune: A Novel,Ken Follett,4.4 out of 5 stars, ,8.99,2010
The History of England (Vol. 1-6): Illustrated Edition,,, ,0.99,2019
Those in Peril (The Phases of Mars Book 1),Chris Kennedy,4.6 out of 5 stars, ,0.00,2019
The Thorn Chronicles: The Complete Series,Kimberly Loth,4.4 out of 5 stars, ,0.00,2015
Etched in Shadow Hill Cemetery,Jocelyn A Dorgan,4.7 out of 5 stars, ,0.00,2016
More Than One Truth,,4.7 out of 5 stars, ,2.99,2018
Addiction,Margaret McHeyzer,4.7 out of 5 stars, ,4.99,2018
Five Fathoms Beneath,J.R. Alcyone,5.0 out of 5 stars, ,0.00,2018
Diary of the Plug's Daughter,Sol,4.9 out of 5 stars, ,0.00,2018
Of Windmills and War (The War Trilogy - Book 1),Diane Moody,4.6 out of 5 stars, ,0.00,2013
Cryptofauna,Patrick Canning,4.7 out of 5 stars, ,0.00,2018
Adventures of the Starship Satori: Book 1-6 Complete Library,Kevin McLaughlin,4.3 out of 5 stars, ,0.00,2019
Scandalous,Kim Hartfield,4.6 out of 5 stars, ,0.00,2019
Thick as Thieves: A Lesbian Romance Heist,Cara Malone,4.8 out of 5 stars, ,0.00,2019
Across the Red (The Nations Book 4),Ken Farmer,4.5 out of 5 stars, ,0.00,2015
He Brings Out The Hood In Me 2,Nikki  Brown,4.9 out of 5 stars, ,0.00,2019
The Letter: A captivating story of forbidden love, secrets, and sacrifice.,Ruth Saberton,4.7 out of 5 stars, ,0.00,2017
The Haunting of Abram Mansion: A Riveting Haunted House Mystery,Alexandria Clarke,4.4 out of 5 stars, ,0.00,2019
How to Write a Novel Using the Snowflake Method (Advanced Fiction Writing Book 1),Randy Ingermanson,4.6 out of 5 stars, ,4.99,2014
Children of Time,Adrian Tchaikovsky,4.5 out of 5 stars, ,12.95,2016
Bridal Bonds (Warriors of Phaeton Book 2),Leora Gonzales,3.6 out of 5 stars, ,0.00,2017
For Richer or Poorer (African American Novella): The Struggle Is Real,Marita Kinney,4.2 out of 5 stars, ,0.00,2018
A Kingpin's Dynasty,Tina J,4.8 out of 5 stars, ,0.00,2018
Moving Violations,McGee Mathews,4.8 out of 5 stars, ,0.00,2019
Apocalypse Coming: A Novel of Tribulation and Survival (The Tears of Ephraim Book 1),William Dunaway,3.9 out of 5 stars, ,0.00,2018
Into the End,B.R. Paulson,3.9 out of 5 stars, ,0.00,2012
Etched in Shadow Hill Cemetery,Jocelyn A Dorgan,4.7 out of 5 stars, ,0.00,2016
More Than One Truth,,4.7 out of 5 stars, ,2.99,2018
Addiction,Margaret McHeyzer,4.7 out of 5 stars, ,4.99,2018
Five Fathoms Beneath,J.R. Alcyone,5.0 out of 5 stars, ,0.00,2018
Shrunken: A Gay Sci-Fi Romance (Bernard Frankenheimer Center Book 1),Troy Hunter,4.6 out of 5 stars, ,0.00,2019
Adventures of the Starship Satori: Book 1-6 Complete Library,Kevin McLaughlin,4.3 out of 5 stars, ,0.00,2019
The Highlander’s Lost Bride (The Highlands Warring Scottish Romance) (A Medieval Historical Romance Book),Anne Morrison,4.5 out of 5 stars, ,0.00,2019
Her Highlander's Heart: Scottish Medieval Highlander Romance Novel (Highlanders of Cadney Book 2),Fiona Faris,4.7 out of 5 stars, ,0.00,2019
Take the Hit (Nuclear Survival: Northern Exposure Book 1),Harley Tate,4.4 out of 5 stars, ,0.00,2019
Carnegie's Maid: A Novel,Marie Benedict,4.3 out of 5 stars, ,8.75,2018
DREAM WITH ME, COWBOY:Christian Contemporary Romance : Enhanced Edition (Texas Matchmakers Book 1),Debra Clopton,4.6 out of 5 stars, ,0.00,2017
Molly Mouse Visits The Seaside: Fun Rhyming Bedtime Story - Picture Book / Beginner Reader (for ages 3-6) (Top of the Wardrobe Gang Picture Books 16),Melinda Kinsman,5.0 out of 5 stars, ,0.00,2019
The Letter: A captivating story of forbidden love, secrets, and sacrifice.,Ruth Saberton,4.7 out of 5 stars, ,0.00,2017
The Haunting of Abram Mansion: A Riveting Haunted House Mystery,Alexandria Clarke,4.4 out of 5 stars, ,0.00,2019
GWOP GANG 4: Based On True's Story,,, ,0.00,2019
Bride to the Beast,Samantha Madisen,3.5 out of 5 stars, ,3.95,2019
The Couple Next Door: A Novel,Shari Lapena,4.1 out of 5 stars, ,9.99,2016
The Perfect Couple,Elin Hilderbrand,4.2 out of 5 stars, ,11.99,2018
Octavia's Brood: Science Fiction Stories from Social Justice Movements,Walidah Imarisha,4.2 out of 5 stars, ,18.00,2015
Python Programming Language: Complete Guide for Beginners, Intermediates and Advanced:  7 Days Crash Course,,5.0 out of 5 stars, ,0.00,2019
Locked Down By a Cashville Killa,Tabitha Sharpe,4.7 out of 5 stars, ,0.00,2018
The Universe Builders: Bernie and the Putty: (humorous fantasy and science fiction for young adults),Steve LeBel,4.6 out of 5 stars, ,12.83,2014
Etched in Shadow Hill Cemetery,Jocelyn A Dorgan,4.7 out of 5 stars, ,0.00,2016
More Than One Truth,,4.7 out of 5 stars, ,2.99,2018
Addiction,Margaret McHeyzer,4.7 out of 5 stars, ,4.99,2018
Five Fathoms Beneath,J.R. Alcyone,5.0 out of 5 stars, ,0.00,2018
The Magitech Chronicles Quadrilogy: Books 1 - 4 of the Magitech Chronicles,Chris Fox,4.4 out of 5 stars, ,0.00,2019
Spymaster: A Thriller (The Scot Harvath Series Book 18),Brad Thor,4.5 out of 5 stars, ,14.99,2018
Ranger Redemption (Texas Ranger Heroes Book 2),Lynn Shannon,4.8 out of 5 stars, ,0.00,2019
Beyond the Gates (The Starborn Redemption Book 1),Jason D. Morrow,4.7 out of 5 stars, ,0.00,2019
A Dangerous Fortune: A Novel,Ken Follett,4.4 out of 5 stars, ,8.99,2010
One Day in December: A Novel,Josie Silver,4.3 out of 5 stars, ,11.99,2018
The Bittersweet Revenge 2: Emancipation,R.C. Montgomery,5.0 out of 5 stars, ,0.00,2018
Elements of Fiction Writing - Conflict and Suspense,James Scott Bell,4.7 out of 5 stars, ,7.99,2011
The Letter: A captivating story of forbidden love, secrets, and sacrifice.,Ruth Saberton,4.7 out of 5 stars, ,0.00,2017
The Haunting of Abram Mansion: A Riveting Haunted House Mystery,Alexandria Clarke,4.4 out of 5 stars, ,0.00,2019
Ruffling Society,Kay Moser,5.0 out of 5 stars, ,0.00,2018
Dealing With The Duchess (Mayfair Book 1),JR Salisbury,4.0 out of 5 stars, ,0.00,2016
Cryptofauna,Patrick Canning,4.7 out of 5 stars, ,0.00,2018
Storm Clouds Rolling In (#1 in the Bregdan Chronicles Historical Fiction Series),Ginny Dye,4.4 out of 5 stars, ,0.00,2010
Breakthrough,Michael C. Grumley,4.3 out of 5 stars, ,0.00,2013
Chain Reactions,Lynn Ames,5.0 out of 5 stars, ,9.99,2019
The Last Sanctuary Omnibus: The Complete Post-Apocalyptic Survival Series,Kyla Stone,4.8 out of 5 stars, ,0.00,2019
Once Late With a .38 (A Sheriff Ben Stillman Western),Peter Brandvold,4.6 out of 5 stars, ,0.00,2019
Etched in Shadow Hill Cemetery,Jocelyn A Dorgan,4.7 out of 5 stars, ,0.00,2016
More Than One Truth,,4.7 out of 5 stars, ,2.99,2018
Addiction,Margaret McHeyzer,4.7 out of 5 stars, ,4.99,2018
Five Fathoms Beneath,J.R. Alcyone,5.0 out of 5 stars, ,0.00,2018
Storm Clouds Rolling In (# 1 in the Bregdan Chronicles Historical Fiction Romanc (Volume 1),Ginny Dye,4.4 out of 5 stars, ,19.99,2015
Anti Life,Allen Kuzara,3.8 out of 5 stars, ,0.00,2018
Fighting for Our Love: A New York Romance,Kelly Marie,4.5 out of 5 stars, ,0.00,2017
The Song of Achilles: A Novel,Madeline Miller,4.4 out of 5 stars, ,0.00,2012
Take Care of You (Taking Care Book 1),Gianni Holmes,4.4 out of 5 stars, ,0.00,2019
The Silent Patient,Alex Michaelides,4.3 out of 5 stars, ,13.99,2019
Sharp Objects: A Novel,Gillian Flynn,4.2 out of 5 stars, ,9.99,2006
Keep Tahoe Blue (Tahoe Series Book 1),Nicole Pyland,5.0 out of 5 stars, ,0.00,2019
The Letter: A captivating story of forbidden love, secrets, and sacrifice.,Ruth Saberton,4.7 out of 5 stars, ,0.00,2017
The Haunting of Abram Mansion: A Riveting Haunted House Mystery,Alexandria Clarke,4.4 out of 5 stars, ,0.00,2019
A Cowboy’s Honor (The Texas Riders Western) (A Western Frontier Fiction),Joseph Powell,4.4 out of 5 stars, ,0.00,2019
Uncommon Ground- Pleasant Hearts Christian Suspense Series-Book 1,Joy Ohagwu,4.3 out of 5 stars, ,0.00,2016
On the Path of Vengeance: A Historical Western Adventure Book,Austin Grayson,4.7 out of 5 stars, ,0.00,2019
Her Best Match: A Clean Billionaire Romance (The Best Girls Book 1),Tamie Dearen,4.4 out of 5 stars, ,0.00,2013
CROSSROADS (A Miller's Creek Novel Book 6),Cathy Bryant,4.7 out of 5 stars, ,0.00,2015
Configured: Book #1 in the Configured Trilogy,Jenetta Penner,4.6 out of 5 stars, ,0.00,2016
Rogue Star: Frozen Earth (A Post-Apocalyptic Technothriller),Jasper T. Scott,4.3 out of 5 stars, ,0.00,2018
Deliverance (Forgotten Colony Book 1),M.R. Forbes,4.4 out of 5 stars, ,0.00,2018
Etched in Shadow Hill Cemetery,Jocelyn A Dorgan,4.7 out of 5 stars, ,0.00,2016
More Than One Truth,,4.7 out of 5 stars, ,2.99,2018
More Than One Truth,,4.7 out of 5 stars, ,2.99,2018
Addiction,Margaret McHeyzer,4.7 out of 5 stars, ,4.99,2018
Before, There Was You,Kit Harlow,4.5 out of 5 stars, ,0.00,2019
Love on the Brain,Goddess Love,4.6 out of 5 stars, ,0.00,2017
The Truth About Fiction,Steven Schoen,3.7 out of 5 stars, ,,
In the Wreckage: (M/M Sci-Fi Military Romance) (Metahuman Files Book 1),Hailey Turner,4.5 out of 5 stars, ,0.00,2017
TEXAS ROADS (A Miller's Creek Novel Book 1),Cathy Bryant,4.7 out of 5 stars, ,0.00,2010
Literature: An Introduction to Fiction, Poetry, Drama, and Writing, MLA Update Edition (13th Edition),,4.1 out of 5 stars, ,26.20,2016
Rules of Conflict: A Post-Apocalyptic EMP Survival Thriller (Survival Rules Series Book 2),Jack Hunt,4.6 out of 5 stars, ,0.00,2019
The Wife Between Us: A Novel,Greer Hendricks,4.2 out of 5 stars, ,9.99,2018
The Letter: A captivating story of forbidden love, secrets, and sacrifice.,Ruth Saberton,4.7 out of 5 stars, ,0.00,2017
The Haunting of Abram Mansion: A Riveting Haunted House Mystery,Alexandria Clarke,4.4 out of 5 stars, ,0.00,2019
Magic Ops: An Urban Fantasy Action Adventure (Federal Agents of Magic Book 1),TR Cameron,4.9 out of 5 stars, ,0.00,2019
The Huntress: A Novel,Kate Quinn,4.5 out of 5 stars, ,11.99,2019
BEAR CREEK (SAGE COUNTRY Book 1),Dan Arnold,4.4 out of 5 stars, ,0.00,2013
GIRL DIVIDED,Willow Rose,4.4 out of 5 stars, ,0.00,2018
Breakthrough,Michael C. Grumley,4.3 out of 5 stars, ,0.00,2013
Supermage (Rise to Omniscience Book 1),Aaron Oster,4.3 out of 5 stars, ,0.00,2019
The Queen's Daughters (Kate Bushnell Series Book 2),Lorry Lutz,4.8 out of 5 stars, ,0.00,2017
The Proving (The Earth-X Trilogy Book 1),Ken Brosky,4.2 out of 5 stars, ,0.00,2018
Five Fathoms Beneath,J.R. Alcyone,5.0 out of 5 stars, ,0.00,2018
Etched in Shadow Hill Cemetery,Jocelyn A Dorgan,4.7 out of 5 stars, ,0.00,2016
Addiction,Margaret McHeyzer,4.7 out of 5 stars, ,4.99,2018
Five Fathoms Beneath,J.R. Alcyone,5.0 out of 5 stars, ,0.00,2018
Mustard Seed,Laila Ibrahim,4.5 out of 5 stars, ,0.00,2017
Elements of Fiction Writing - Conflict and Suspense,James Scott Bell,4.7 out of 5 stars, ,7.99,2011
The Magitech Chronicles Quadrilogy: Books 1 - 4 of the Magitech Chronicles,Chris Fox,4.4 out of 5 stars, ,0.00,2019
Q and Sade: A Compton Love Story,Jade Jones,4.4 out of 5 stars, ,0.00,2017
Love on Lavender Lane,Karis Walsh,4.4 out of 5 stars, ,9.99,2019
CyberStorm (Cyber Series Book 1),Matthew Mather,4.3 out of 5 stars, ,0.00,2013
Angle of Truth (Sky Full of Stars, Book 2),Lindsay Buroker,4.8 out of 5 stars, ,4.99,2017
Love Behind Enemy Lines: A Christian Historical Romance Novel,Chloe Carley,4.6 out of 5 stars, ,0.00,2019
The Letter: A captivating story of forbidden love, secrets, and sacrifice.,Ruth Saberton,4.7 out of 5 stars, ,0.00,2017
The Haunting of Abram Mansion: A Riveting Haunted House Mystery,Alexandria Clarke,4.4 out of 5 stars, ,0.00,2019
Luvin' My Dirty South Thug,S.R. Fletcher,4.4 out of 5 stars, ,0.00,2018
Spymaster: A Thriller (The Scot Harvath Series Book 18),Brad Thor,4.5 out of 5 stars, ,14.99,2018
Finessed By A Inmate Love: Kai And Xavier,,5.0 out of 5 stars, ,0.00,2019
The Planet Urth Series 3-Book Boxed Set (The Planet Urth Boxed Set),Jennifer Martucci,4.2 out of 5 stars, ,0.00,2015
Ninety-Nine Signs: A Contemporary Romance (Ninety-Nine Series Book 1),Elisheba Haxby,4.7 out of 5 stars, ,0.00,2019
Do No Harm (The Omega War Book 9),Robert E. Hampson,4.9 out of 5 stars, ,0.00,2019
Let Me Show You Real Love,Jasmine Williams,4.5 out of 5 stars, ,0.00,2017
A Rebel without a Rogue (The Penningtons Book 1),Bliss Bennet,4.4 out of 5 stars, ,0.00,2015
Etched in Shadow Hill Cemetery,Jocelyn A Dorgan,4.7 out of 5 stars, ,0.00,2016
More Than One Truth,,4.7 out of 5 stars, ,2.99,2018
Addiction,Margaret McHeyzer,4.7 out of 5 stars, ,4.99,2018
Five Fathoms Beneath,J.R. Alcyone,5.0 out of 5 stars, ,0.00,2018
Orion Colony: An Intergalactic Space Opera Adventure,J.N. Chaney,4.6 out of 5 stars, ,0.00,2018
Hurricane Season: New from the USA TODAY bestselling author of The Hideaway,Lauren K. Denton,4.3 out of 5 stars, ,4.99,2018
Wagon Train Baby: Christian historical romance (Love on the Santa Fe Trail Book 1),Linda Ford,4.6 out of 5 stars, ,0.00,2018
Locked Down By a Cashville Killa,Tabitha Sharpe,4.7 out of 5 stars, ,0.00,2018
The Rescue (Ryan Decker Book 1),Steven Konkoly,4.5 out of 5 stars, ,0.00,2019
Locked in Silence (Pelican Bay, Book 1),Sloane Kennedy,4.8 out of 5 stars, ,0.00,2017
Badd Wives: (Book #1),Zee. W,5.0 out of 5 stars, ,0.00,2017
Dune,,4.6 out of 5 stars, ,0.00,2006
The Letter: A captivating story of forbidden love, secrets, and sacrifice.,Ruth Saberton,4.7 out of 5 stars, ,0.00,2017
The Haunting of Abram Mansion: A Riveting Haunted House Mystery,Alexandria Clarke,4.4 out of 5 stars, ,0.00,2019
Teasing (The Hamptons Bachelor Club Book 1),Tina Folsom,4.1 out of 5 stars, ,0.00,2014
Hazardous Duty: Squeaky Clean Mysteries, Book 1: An Amateur Sleuth Mystery and Suspense Series, Christian Fiction,Christy Barritt,4.5 out of 5 stars, ,0.00,2014
That Month in Tuscany,Inglath Cooper,4.3 out of 5 stars, ,15.29,2016
Confessions of a Courtesan,Deborah Hale,4.3 out of 5 stars, ,0.00,2011
Relatively Normal (Relativity Series Book 1),Whitney Dineen,4.3 out of 5 stars, ,0.00,2018
The Winter Sea,Susanna Kearsley,4.5 out of 5 stars, ,13.18,2010
The Strong One (Cutter's Creek Book 2),Vivi Holt,4.4 out of 5 stars, ,0.00,2016
Giving Love A Try: Emory and Alani,Diamond Johnson,4.7 out of 5 stars, ,0.00,2018
Etched in Shadow Hill Cemetery,Jocelyn A Dorgan,4.7 out of 5 stars, ,0.00,2016
More Than One Truth,,4.7 out of 5 stars, ,2.99,2018
Addiction,Margaret McHeyzer,4.7 out of 5 stars, ,4.99,2018
Five Fathoms Beneath,J.R. Alcyone,5.0 out of 5 stars, ,0.00,2018
Every Breath,Nicholas Sparks,4.7 out of 5 stars, ,13.53,2018
The Psychology Workbook for Writers: Tools for Creating Realistic Characters and Conflict in Fiction,Darian Smith,4.2 out of 5 stars, ,9.95,2015
Money Can't Buy Love 1: A Billionaire Bad Boy Romance,Ali Parker,4.5 out of 5 stars, ,0.00,2017
Nail'd By a Queen Pin: A Ghetto Standalone,Tabitha Sharpe,4.6 out of 5 stars, ,0.00,2018
Ordinary is Perfect,D. Jackson Leigh,4.3 out of 5 stars, ,9.99,2019
Loving You With A Broken Heart,Sa'Ja Jay,4.9 out of 5 stars, ,0.00,2017
Redemption (Memory Man series),David Baldacci,, ,18.90,2019
The Silent Wife: A gripping emotional page turner with a twist that will take your breath away,Kerry Fisher,4.2 out of 5 stars, ,3.99,2017
The Letter: A captivating story of forbidden love, secrets, and sacrifice.,Ruth Saberton,4.7 out of 5 stars, ,0.00,2017
The Haunting of Abram Mansion: A Riveting Haunted House Mystery,Alexandria Clarke,4.4 out of 5 stars, ,0.00,2019
Stolen (Magi Rising Book 1),Raye Wagner,4.3 out of 5 stars, ,0.00,2019
Ice Age Dragon Brotherhood Complete Boxed Set,Milana Jacks,5.0 out of 5 stars, ,6.00,2019
Flash Fiction: 72 Very Short Stories,,3.9 out of 5 stars, ,13.31,1992
Good Girl (Quick & Steamy Collection),Olivia M. Hamilton,3.4 out of 5 stars, ,0.99,2013
Justice Comes Home (The Texas Riders Western) (A Western Frontier Fiction),Joseph Powell,4.3 out of 5 stars, ,0.00,2019
A Courtship to Remember: A Historical Regency Romance Book,Bridget Barton,4.7 out of 5 stars, ,0.00,2019
House Without Lies (Lily's House Book 1),Rachel Branton,4.7 out of 5 stars, ,0.00,2016
The Rose and The Thorn (MacPherson Brides Book 1),Mischelle Creager,4.4 out of 5 stars, ,0.00,2015
Etched in Shadow Hill Cemetery,Jocelyn A Dorgan,4.7 out of 5 stars, ,0.00,2016
More Than One Truth,,4.7 out of 5 stars, ,2.99,2018
Addiction,Margaret McHeyzer,4.7 out of 5 stars, ,4.99,2018
Five Fathoms Beneath,J.R. Alcyone,5.0 out of 5 stars, ,0.00,2018
Justice Comes Home (The Texas Riders Western) (A Western Frontier Fiction),Joseph Powell,4.3 out of 5 stars, ,0.00,2019
A Courtship to Remember: A Historical Regency Romance Book,Bridget Barton,4.7 out of 5 stars, ,0.00,2019
House Without Lies (Lily's House Book 1),Rachel Branton,4.7 out of 5 stars, ,0.00,2016
The Rose and The Thorn (MacPherson Brides Book 1),Mischelle Creager,4.4 out of 5 stars, ,0.00,2015
Dread of The Earl (The Valiant Love Regency Romance) (A Historical Romance Book),Deborah Wilson,4.8 out of 5 stars, ,0.00,2019
Legacy (Stellar Heritage Book 1),Bob Mauldin,4.4 out of 5 stars, ,0.00,2019
Menage a Trois,Hildred Billings,4.4 out of 5 stars, ,0.00,2019
Santa Fe Brides and the Rescued Animals: 3 Book Box Set (Santa Fe Brides Volume 1),Indiana Wake,4.6 out of 5 stars, ,0.00,2018
The Letter: A captivating story of forbidden love, secrets, and sacrifice.,Ruth Saberton,4.7 out of 5 stars, ,0.00,2017
The Haunting of Abram Mansion: A Riveting Haunted House Mystery,Alexandria Clarke,4.4 out of 5 stars, ,0.00,2019
A Column of Fire: A Novel (Kingsbridge),Ken Follett,4.5 out of 5 stars, ,15.99,2017
Southern Roots (The Compass Series Book 2),Lise Gold,4.7 out of 5 stars, ,0.00,2019
Undead Worlds 2: A Post-Apocalyptic Zombie Anthology,R. L. Blalock,4.8 out of 5 stars, ,0.00,2018
Married To A Dade County Bully 2,Monica Jeremie,4.7 out of 5 stars, ,0.00,2018
Dark Sacred Night (A Renée Ballard and Harry Bosch Novel Book 1),Michael Connelly,4.5 out of 5 stars, ,14.99,2018
Nell and Lady: A Novel,Ashley Farley,4.5 out of 5 stars, ,0.00,2018
Orion Colony: An Intergalactic Space Opera Adventure,J.N. Chaney,4.6 out of 5 stars, ,0.00,2018
Lethal White (A Cormoran Strike Novel Book 4),Robert Galbraith,4.5 out of 5 stars, ,14.99,2018
Etched in Shadow Hill Cemetery,Jocelyn A Dorgan,4.7 out of 5 stars, ,0.00,2016
More Than One Truth,,4.7 out of 5 stars, ,2.99,2018
Addiction,Margaret McHeyzer,4.7 out of 5 stars, ,4.99,2018
Five Fathoms Beneath,J.R. Alcyone,5.0 out of 5 stars, ,0.00,2018
Maids of Misfortune (A Victorian San Francisco Mystery Book 1),M. Louisa Locke,4.2 out of 5 stars, ,0.00,2009
Combat Ineffective (A Jock Miles-Moon Brothers Korean War Story Book 1),William Peter Grasso,4.4 out of 5 stars, ,0.00,2018
Soul Jacker: A Science Fiction Thriller (Soul Jacker Book 1),Michael John Grist,4.7 out of 5 stars, ,0.00,2019
Disguised as Love and Hate,La Peaches,5.0 out of 5 stars, ,0.00,2019
Nomad: A Thriller (The New Earth Series Book 1),Matthew Mather,4.2 out of 5 stars, ,0.00,2015
Alien Brute: A Sci-Fi Alien Romance (Vaxxlian Mates Book 4),Sue Mercury,4.5 out of 5 stars, ,0.00,2019
Let There Be Light (The Sled Dog Series Book 2),Melissa Storm,4.7 out of 5 stars, ,0.00,2017
House Without Lies (Lily's House Book 1),Rachel Branton,4.7 out of 5 stars, ,0.00,2016
The Letter: A captivating story of forbidden love, secrets, and sacrifice.,Ruth Saberton,4.7 out of 5 stars, ,0.00,2017
The Haunting of Abram Mansion: A Riveting Haunted House Mystery,Alexandria Clarke,4.4 out of 5 stars, ,0.00,2019
The Genesis Conspiracy,James D. Prescott,4.1 out of 5 stars, ,0.00,2017
And Then You Loved Me,Inglath Cooper,4.4 out of 5 stars, ,0.00,2014
Essays and Fictions,,4.2 out of 5 stars, ,15.26,2019
Oath of Honor (Blue Justice Book #1),Lynette Eason,4.8 out of 5 stars, ,0.00,2018
Stiff Competition (Madison Cruz Book 3),Lucy Carol,4.4 out of 5 stars, ,0.00,2015
The Bittersweet Revenge 2: Emancipation,R.C. Montgomery,5.0 out of 5 stars, ,0.00,2018
Royally Screwed (The Royally Series Book 1),Emma Chase,4.5 out of 5 stars, ,0.00,2016
A PATH LESS TRAVELED (A Miller's Creek Novel Book 2),Cathy Bryant,4.5 out of 5 stars, ,0.00,2010
Etched in Shadow Hill Cemetery,Jocelyn A Dorgan,4.7 out of 5 stars, ,0.00,2016
More Than One Truth,,4.7 out of 5 stars, ,2.99,2018
Addiction,Margaret McHeyzer,4.7 out of 5 stars, ,4.99,2018
Five Fathoms Beneath,J.R. Alcyone,5.0 out of 5 stars, ,0.00,2018
Summer’s Fury (Pioneer Wilderness Romance series Book 1),Katie Wyatt,3.9 out of 5 stars, ,0.00,2015
Split Second,Douglas E. Richards,4.3 out of 5 stars, ,0.00,2015
Nonfiction Sight Word Readers Parent Pack Level A: Teaches 25 key Sight Words to Help Your Child Soar as a Reader!,Liza Charlesworth,4.7 out of 5 stars, ,17.97,2015
Deliverance (Forgotten Colony Book 1),M.R. Forbes,4.4 out of 5 stars, ,0.00,2018
The Secret of the Ballet Book: (Kids Fantasy Books, Ballerina Fiction) (Kids Mystery, Girls Books Ages 9-12, Ballet Stories, Dance Books, Kids Books, Kids Fantasy Books Ages 9-12),,4.7 out of 5 stars, ,5.29,2015
He Who Is a Lover (Sadik Book 2),Love Belvin,4.8 out of 5 stars, ,0.00,2019
Dope Boys Love Hennessy,Sha Jones,4.7 out of 5 stars, ,0.00,2018
Stiff Competition (Madison Cruz Book 3),Lucy Carol,4.4 out of 5 stars, ,0.00,2015
The Letter: A captivating story of forbidden love, secrets, and sacrifice.,Ruth Saberton,4.7 out of 5 stars, ,0.00,2017
The Haunting of Abram Mansion: A Riveting Haunted House Mystery,Alexandria Clarke,4.4 out of 5 stars, ,0.00,2019
Flights of Fancy (American Heiresses Book #1),Jen Turano,4.6 out of 5 stars, ,0.00,2019
Constitution: Book 1 of The Legacy Fleet Series,Nick Webb,4.3 out of 5 stars, ,0.00,2015
Caretaker (Book 1),Emrys Apollo,, ,0.00,2019
Never Tell: A Novel (A D.D. Warren and Flora Dane Novel),Lisa Gardner,4.7 out of 5 stars, ,12.99,2019
This Is How It Always Is: A Novel,Laurie Frankel,4.6 out of 5 stars, ,9.99,2017
Ride With Me (A Quaking Heart Novel Book 1),Janith Hooper,4.4 out of 5 stars, ,0.00,2013
Family Camp (Daddy Dearest Book 1),Eli Easton,4.6 out of 5 stars, ,0.00,2019
The Girls of Ennismore,Patricia Falvey,4.4 out of 5 stars, ,10.99,2017
Etched in Shadow Hill Cemetery,Jocelyn A Dorgan,4.7 out of 5 stars, ,0.00,2016
More Than One Truth,,4.7 out of 5 stars, ,2.99,2018
Addiction,Margaret McHeyzer,4.7 out of 5 stars, ,4.99,2018
Five Fathoms Beneath,J.R. Alcyone,5.0 out of 5 stars, ,0.00,2018
Orion Colony: An Intergalactic Space Opera Adventure,J.N. Chaney,4.6 out of 5 stars, ,0.00,2018
The Captain of Her Heart (Buchanan Saga Book 1),Anita Stansfield,4.2 out of 5 stars, ,0.00,2012
Cobble Creek Small Town Romance: 3-Book Collection,Kimberly Krey,4.6 out of 5 stars, ,0.00,2019
How to Bake a Murder (A Cookie and Cream Cozy Mystery Book 1),K.J. Emrick,4.5 out of 5 stars, ,0.00,2016
Queen Hereafter: A Novel of Margaret of Scotland,,4.2 out of 5 stars, ,13.37,2011
Captured: The Xandari Chronicles (Book One) (Dark Sci-Fi Romance),Raven Dark,4.8 out of 5 stars, ,0.00,2019
Diary of the Plug's Daughter,Sol,4.9 out of 5 stars, ,0.00,2018
The Thorn Chronicles: The Complete Series,Kimberly Loth,4.4 out of 5 stars, ,0.00,2015
The Letter: A captivating story of forbidden love, secrets, and sacrifice.,Ruth Saberton,4.7 out of 5 stars, ,0.00,2017
The Haunting of Abram Mansion: A Riveting Haunted House Mystery,Alexandria Clarke,4.4 out of 5 stars, ,0.00,2019
What Happens in Vegas (Girls Weekend Away Book 1),Shana Gray,3.9 out of 5 stars, ,0.00,2018
Ninety-Nine Signs: A Contemporary Romance (Ninety-Nine Series Book 1),Elisheba Haxby,4.7 out of 5 stars, ,0.00,2019
Mission Clockwork,Arthur Slade,4.6 out of 5 stars, ,0.00,2018
Daddy's Virgin: A Dark Sci-Fi Romance,Megan Michaels,3.7 out of 5 stars, ,0.00,2019
The Greco-Persian Wars: A Captivating Guide to the Conflicts Between the Achaemenid Empire and the Greek City-States, Including the Battle of Marathon, Thermopylae, Salamis, Plataea, and More,,4.7 out of 5 stars, ,0.00,2019
Marked By the Wolf #1: Werewolf Shifter Romance,Mac Flynn,3.7 out of 5 stars, ,0.00,2017
The Poppy Field: A gripping and emotional World War One historical romance,Deborah Carr,4.5 out of 5 stars, ,0.99,2018
With This Ring (Windswept Bay Book 6),Debra Clopton,4.6 out of 5 stars, ,0.00,2017
Etched in Shadow Hill Cemetery,Jocelyn A Dorgan,4.7 out of 5 stars, ,0.00,2016
More Than One Truth,,4.7 out of 5 stars, ,2.99,2018
Addiction,Margaret McHeyzer,4.7 out of 5 stars, ,4.99,2018
Five Fathoms Beneath,J.R. Alcyone,5.0 out of 5 stars, ,0.00,2018
GIRL DIVIDED,Willow Rose,4.4 out of 5 stars, ,0.00,2018
46 Hours to Home: A story of survival during the apocalypse,Pat Riot,4.5 out of 5 stars, ,0.00,2019
For Richer or Poorer (African American Novella): The Struggle Is Real,Marita Kinney,4.2 out of 5 stars, ,0.00,2018
The Sea Before Us (Sunrise at Normandy Book #1),Sarah Sundin,4.8 out of 5 stars, ,0.93,2018
Shawty Wanna Ride With A Savage,Latoya Wright,4.6 out of 5 stars, ,0.00,2018
Eternal Vows - Book 1 (The Ruby Ring Saga),Chrissy Peebles,3.9 out of 5 stars, ,0.00,2013
The Strong One (Cutter's Creek Book 2),Vivi Holt,4.4 out of 5 stars, ,0.00,2016
Nell and Lady: A Novel,Ashley Farley,4.5 out of 5 stars, ,0.00,2018
The Letter: A captivating story of forbidden love, secrets, and sacrifice.,Ruth Saberton,4.7 out of 5 stars, ,0.00,2017
The Haunting of Abram Mansion: A Riveting Haunted House Mystery,Alexandria Clarke,4.4 out of 5 stars, ,0.00,2019
The Mythology of Global Warming: Climate Change Fiction VS. Scientific Facts,,4.1 out of 5 stars, ,15.99,2018
Masterson: Masterson Trilogy (The Fixer Series Book 1),Lisa Lang  Blakeney,4.6 out of 5 stars, ,0.00,2018
Off World: Ragnarok,J.F. Holmes,4.8 out of 5 stars, ,0.00,2019
All We Ever Wanted: A Novel,Emily Giffin,4.1 out of 5 stars, ,14.99,2018
Diondray's Discovery (Kammbia Book 1),Marion Hill,5.0 out of 5 stars, ,0.00,2016
The Man With Two Names: A Novel of Ancient Rome (The Sertorius Scrolls Series Book 1),Vincent B. Davis II,4.3 out of 5 stars, ,0.00,2017
Sharp Objects: A Novel,Gillian Flynn,4.2 out of 5 stars, ,9.99,2006
Daisy Jones & The Six: A Novel,Taylor Jenkins Reid,4.5 out of 5 stars, ,16.20,2019
Etched in Shadow Hill Cemetery,Jocelyn A Dorgan,4.7 out of 5 stars, ,0.00,2016
More Than One Truth,,4.7 out of 5 stars, ,2.99,2018
Addiction,Margaret McHeyzer,4.7 out of 5 stars, ,4.99,2018
Five Fathoms Beneath,J.R. Alcyone,5.0 out of 5 stars, ,0.00,2018
Justice for Jessica (Detective Rachel Storme Book 1),Alretha Thomas,4.2 out of 5 stars, ,0.00,2016
The Man of Legends,Kenneth Johnson,4.3 out of 5 stars, ,0.00,2017
Silence,Natasha Preston,4.2 out of 5 stars, ,0.00,2013
Happy Endings Book Club Boxed Set Books 1-3,Kylie Gilmore,4.7 out of 5 stars, ,7.99,2018
A Single Red Rose: A Tale of Domestic Violence,Tip Montana,4.5 out of 5 stars, ,0.00,2018
Shelter in Place,Nora Roberts,4.7 out of 5 stars, ,14.99,2018
Calypso,David Sedaris,4.3 out of 5 stars, ,14.99,2018
Miranda Warning (A Murder in the Mountains Book 1),Heather Day Gilbert,4.3 out of 5 stars, ,0.00,2014
The Letter: A captivating story of forbidden love, secrets, and sacrifice.,Ruth Saberton,4.7 out of 5 stars, ,0.00,2017
The Haunting of Abram Mansion: A Riveting Haunted House Mystery,Alexandria Clarke,4.4 out of 5 stars, ,0.00,2019
Courting Scandal (Fairchild Regency Romance Book 3),Jaima Fixsen,4.4 out of 5 stars, ,0.00,2015
Broken Trails (The Montana Trails Series Book 1),Bonnie R. Paulson,4.4 out of 5 stars, ,0.00,2016
Off World: Ragnarok,J.F. Holmes,4.8 out of 5 stars, ,0.00,2019
Brody's Redemption (Small Town Scandals Book 1),,4.7 out of 5 stars, ,0.00,2019
The Sheriff's Mail-Order Bride (The Watson Brothers Book 2),Ann B.  Harrison,4.3 out of 5 stars, ,0.00,2017
The House on the Beach (Pilgrim Cove Book 1),Linda Barrett,4.6 out of 5 stars, ,0.00,2016
Apocalypse (The Wasteland Chronicles, Book 1),Kyle West,4.0 out of 5 stars, ,0.00,2012
Slave Graves (River Sunday Romance Mysteries Book 1),Thomas Hollyday,4.1 out of 5 stars, ,0.00,2013
Etched in Shadow Hill Cemetery,Jocelyn A Dorgan,4.7 out of 5 stars, ,0.00,2016
More Than One Truth,,4.7 out of 5 stars, ,2.99,2018
Addiction,Margaret McHeyzer,4.7 out of 5 stars, ,4.99,2018
Five Fathoms Beneath,J.R. Alcyone,5.0 out of 5 stars, ,0.00,2018
Ship Wrecked: Stranded on an alien world,Mark Wayne McGinnis,4.5 out of 5 stars, ,0.00,2017
The Readers' Advisory Guide to Genre Fiction, Third Edition (Ala Readers' Advisory),,, ,64.99,2018
The Dragon Songs Saga Box Set: The Complete Epic Quartet,JC Kang,4.4 out of 5 stars, ,0.00,2018
Which End is Up?,Patricia Kay,4.0 out of 5 stars, ,0.00,2017
Unsheltered: A Novel,Barbara Kingsolver,3.7 out of 5 stars, ,14.99,2018
Land of My Dreams,Norma Gail,4.6 out of 5 stars, ,0.00,2016
Infected: The Shiners (Forgotten Origins Trilogy Book 1),Tara Ellis,4.4 out of 5 stars, ,0.00,2014
Magic in the Stars: Unexpected Magic Book #1,Patricia Rice,4.4 out of 5 stars, ,4.99,2016
The Letter: A captivating story of forbidden love, secrets, and sacrifice.,Ruth Saberton,4.7 out of 5 stars, ,0.00,2017
The Haunting of Abram Mansion: A Riveting Haunted House Mystery,Alexandria Clarke,4.4 out of 5 stars, ,0.00,2019
Daisy Jones & The Six: A Novel,Taylor Jenkins Reid,4.5 out of 5 stars, ,11.99,2019
Christmas Key: A Three Book Box Set of Holiday Romance,Stephanie Taylor,4.0 out of 5 stars, ,0.00,2019
Bad Blood: Secrets and Lies in a Silicon Valley Startup,,4.8 out of 5 stars, ,0.00,2018
A Case of Need: A Novel,Michael Crichton,3.9 out of 5 stars, ,0.00,2013
A Thug's Love,Jessica N. Watkins,4.7 out of 5 stars, ,0.00,2017
Ice Fall,Michael Edelson,4.6 out of 5 stars, ,0.00,2016
The Trilisk Ruins (Parker Interstellar Travels Book 1),Michael McCloskey,4.1 out of 5 stars, ,0.00,2014
God: The Most Unpleasant Character in All Fiction,Dan Barker,4.2 out of 5 stars, ,9.89,2016
Etched in Shadow Hill Cemetery,Jocelyn A Dorgan,4.7 out of 5 stars, ,0.00,2016
More Than One Truth,,4.7 out of 5 stars, ,2.99,2018
Addiction,Margaret McHeyzer,4.7 out of 5 stars, ,4.99,2018
Five Fathoms Beneath,J.R. Alcyone,5.0 out of 5 stars, ,0.00,2018
Adrift,Charlie Sheldon,4.7 out of 5 stars, ,0.00,2018
Destroy Series: Books 1-3,K.D. Carrillo,5.0 out of 5 stars, ,0.00,2016
Of Windmills and War (The War Trilogy - Book 1),Diane Moody,4.6 out of 5 stars, ,0.00,2013
Extensis Vitae,Gregory Mattix,4.1 out of 5 stars, ,0.00,2013
Forever Mate: A Science Fiction Alien Romance,Lisa Lace,4.5 out of 5 stars, ,0.00,2019
Drained (An Agent Hank Rawlings FBI Thriller Book 1),E.H. Reinhard,4.1 out of 5 stars, ,0.00,2015
Uncommon Ground- Pleasant Hearts Christian Suspense Series-Book 1,Joy Ohagwu,4.3 out of 5 stars, ,0.00,2016
Sweet Southern Sorrow,Tessa Teevan,4.2 out of 5 stars, ,2.99,2014
The Letter: A captivating story of forbidden love, secrets, and sacrifice.,Ruth Saberton,4.7 out of 5 stars, ,0.00,2017
The Haunting of Abram Mansion: A Riveting Haunted House Mystery,Alexandria Clarke,4.4 out of 5 stars, ,0.00,2019
HOOK SHOT: A HOOPS Novel,Kennedy Ryan,4.9 out of 5 stars, ,0.00,2019
Flights of Fancy (American Heiresses Book #1),Jen Turano,4.6 out of 5 stars, ,0.00,2019
Past Crimes: A Compendium of Historical Mysteries,Ashley Gardner,4.3 out of 5 stars, ,0.00,2017
Ordinary is Perfect,D. Jackson Leigh,4.3 out of 5 stars, ,9.99,2019
Rogue Hunt: A Science Fiction Alien Romance (Rogue Star Book 2),Elin Wyn,4.3 out of 5 stars, ,0.00,2019
The Calling Stone - Away,C.R. Griffin,4.8 out of 5 stars, ,0.00,2016
Anti Life,Allen Kuzara,3.8 out of 5 stars, ,0.00,2018
Slave Graves (River Sunday Romance Mysteries Book 1),Thomas Hollyday,4.1 out of 5 stars, ,0.00,2013
Etched in Shadow Hill Cemetery,Jocelyn A Dorgan,4.7 out of 5 stars, ,0.00,2016
More Than One Truth,,4.7 out of 5 stars, ,2.99,2018
Addiction,Margaret McHeyzer,4.7 out of 5 stars, ,4.99,2018
Five Fathoms Beneath,J.R. Alcyone,5.0 out of 5 stars, ,0.00,2018
Pumpkin Spice Sacrifice (MURDER IN THE MIX Book 3),Addison Moore,4.7 out of 5 stars, ,0.00,2018
Trying Times (The Valens Legacy Book 14),Jan Stryvant,4.9 out of 5 stars, ,0.00,2019
Marked By the Wolf #1: Werewolf Shifter Romance,Mac Flynn,3.7 out of 5 stars, ,0.00,2017
Her Texas Cowboy (New Horizon Ranch: Mule Hollow Book 1),Debra Clopton,4.4 out of 5 stars, ,0.00,2014
The Complete Intrepid Saga - A Hard Science Fiction Space Opera Epic (Aeon 14 Collection Book 1),M. D. Cooper,4.5 out of 5 stars, ,0.00,2016
Nonfiction Sight Word Readers Parent Pack Level A: Teaches 25 key Sight Words to Help Your Child Soar as a Reader!,Liza Charlesworth,4.7 out of 5 stars, ,17.97,2015
Those in Peril (The Phases of Mars Book 1),Chris Kennedy,4.6 out of 5 stars, ,0.00,2019
One Word Kill (Impossible Times Book 1),Mark Lawrence,4.2 out of 5 stars, ,4.99,2019
The Letter: A captivating story of forbidden love, secrets, and sacrifice.,Ruth Saberton,4.7 out of 5 stars, ,0.00,2017
The Haunting of Abram Mansion: A Riveting Haunted House Mystery,Alexandria Clarke,4.4 out of 5 stars, ,0.00,2019
Lies and F*ckery 2,King Benjamin,5.0 out of 5 stars, ,0.00,2019
Prepared (Sundown Series Book 1),Courtney Konstantin,4.6 out of 5 stars, ,0.00,2017
Contamination : Zombies are Human, Book One,Jamie Thornton,4.2 out of 5 stars, ,0.00,2015
The Boy: A Novel,Tami Hoag,4.5 out of 5 stars, ,14.99,2018
The Art of Fiction: Notes on Craft for Young Writers,John Gardner,4.2 out of 5 stars, ,13.11,1991
Tomorrow's First Light: Historical Christian Romance (Texas Promise Book 1),Naomi Rawlings,4.7 out of 5 stars, ,3.99,2019
THE WAY OF GRACE (A Miller's Creek Novel Book 3),Cathy Bryant,4.6 out of 5 stars, ,0.00,2012
The Fall (Love in O'Leary Book 1),May Archer,4.4 out of 5 stars, ,0.00,2018
Etched in Shadow Hill Cemetery,Jocelyn A Dorgan,4.7 out of 5 stars, ,0.00,2016
More Than One Truth,,4.7 out of 5 stars, ,2.99,2018
Addiction,Margaret McHeyzer,4.7 out of 5 stars, ,4.99,2018
Five Fathoms Beneath,J.R. Alcyone,5.0 out of 5 stars, ,0.00,2018
The Girl in the Letter: The most gripping, heartwrenching page-turner of the year,Emily Gunnis,4.3 out of 5 stars, ,1.99,2018
Becoming,Michelle Obama,4.9 out of 5 stars, ,14.99,2018
The Irish Cottage: Finding Elizabeth (The Irish Heart Series Book 1),Juliet Gauvin,4.3 out of 5 stars, ,0.00,2014
Baby Got Love For A Trap God,Ebony Diamonds,4.7 out of 5 stars, ,0.00,2018
Carnelian (The Chalcedony Chronicles Book 1),B. Kristin McMichael,4.4 out of 5 stars, ,0.00,2014
The Girls of Ennismore,Patricia Falvey,4.4 out of 5 stars, ,10.99,2017
Cobble Creek Small Town Romance: 3-Book Collection,Kimberly Krey,4.6 out of 5 stars, ,0.00,2019
Stupid Smart (Jaded Book 3),Jenn Hype,4.4 out of 5 stars, ,0.00,2019
The Letter: A captivating story of forbidden love, secrets, and sacrifice.,Ruth Saberton,4.7 out of 5 stars, ,0.00,2017
The Haunting of Abram Mansion: A Riveting Haunted House Mystery,Alexandria Clarke,4.4 out of 5 stars, ,0.00,2019
Mix 'N Match (No Match for Love Book 3),Lindzee Armstrong,4.7 out of 5 stars, ,0.00,2016
A Queen's Spy: A Medieval Military Historical Fiction Novel - Mercenary For Hire Book 1,Sam Burnell,4.3 out of 5 stars, ,0.00,2017
Married To A Dade County Bully 2,Monica Jeremie,4.7 out of 5 stars, ,0.00,2018
Mind Games (Kaely Quinn Profiler Book #1),Nancy Mehl,4.6 out of 5 stars, ,0.00,2018
Shadow of Persephone (The Story of Catherine Howard Book 1),G. Lawrence,5.0 out of 5 stars, ,0.00,2019
Caretaker (Book 1),Emrys Apollo,, ,0.00,2019
The Spirit of Science Fiction: A Novel,Roberto Bolaño,4.5 out of 5 stars, ,15.91,2019
Apocalypse Life,Ashley Robert,2.8 out of 5 stars, ,0.00,2019
Etched in Shadow Hill Cemetery,Jocelyn A Dorgan,4.7 out of 5 stars, ,0.00,2016
More Than One Truth,,4.7 out of 5 stars, ,2.99,2018
Addiction,Margaret McHeyzer,4.7 out of 5 stars, ,4.99,2018
Five Fathoms Beneath,J.R. Alcyone,5.0 out of 5 stars, ,0.00,2018
The Affair of the Hideous Vase: A Short Silly Cozy Mystery,B.T. Alive,4.5 out of 5 stars, ,0.00,2019
When Never Comes,Barbara Davis,4.5 out of 5 stars, ,0.00,2018
Genevieve Lost,Nicki Jae,5.0 out of 5 stars, ,0.00,2019
Daughters of War: A gripping historical novel of love and loss,Lizzie Page,4.5 out of 5 stars, ,2.99,2018
Dark Water (A Ryan Weller Thriller Book 1),Evan Graver,4.8 out of 5 stars, ,0.00,2018
The Defiant Governess of Rosenhill Manor: A Historical Regency Romance Novel,Hanna Hamilton,4.8 out of 5 stars, ,0.00,2019
Adrift: A Marine Sniper Thriller (Daniel Briggs Book 1),C. G. Cooper,4.5 out of 5 stars, ,0.00,2014
The Tour: A feel-good Irish springtime read. (The Tour Series Book 1),Jean Grainger,4.4 out of 5 stars, ,0.00,2013
The Letter: A captivating story of forbidden love, secrets, and sacrifice.,Ruth Saberton,4.7 out of 5 stars, ,0.00,2017
The Haunting of Abram Mansion: A Riveting Haunted House Mystery,Alexandria Clarke,4.4 out of 5 stars, ,0.00,2019
The Last Castle: The Epic Story of Love, Loss, and American Royalty in the Nation's Largest Home,Denise Kiernan,4.2 out of 5 stars, ,12.99,2017
Gone With The Minion (Madder Than Hell Book 1),Renee George,4.7 out of 5 stars, ,0.00,2018
Quantum Incident (Quantum Series Book 0),Douglas Phillips,4.3 out of 5 stars, ,0.00,2017
My Savage and His Side Chick 2: The Finale,B. Love,4.7 out of 5 stars, ,0.00,2019
Surviving the Fall Box Set: The Complete Surviving the Fall Series - Books 1-12,Mike Kraus,4.6 out of 5 stars, ,0.00,2019
Vampz Macabre: Malcolm Hex Book One,,5.0 out of 5 stars, ,0.00,2018
Before, There Was You,Kit Harlow,4.5 out of 5 stars, ,0.00,2019
Country Heaven (Dare River Book 1),Ava Miles,4.5 out of 5 stars, ,0.00,2014
Etched in Shadow Hill Cemetery,Jocelyn A Dorgan,4.7 out of 5 stars, ,0.00,2016
More Than One Truth,,4.7 out of 5 stars, ,2.99,2018
Addiction,Margaret McHeyzer,4.7 out of 5 stars, ,4.99,2018
Five Fathoms Beneath,J.R. Alcyone,5.0 out of 5 stars, ,0.00,2018
Country Heaven (Dare River Book 1),Ava Miles,4.5 out of 5 stars, ,0.00,2014
Legacy (Stellar Heritage Book 1),Bob Mauldin,4.4 out of 5 stars, ,0.00,2019
Days of Panic: A Post-Apocalyptic EMP Survival Thriller (EMP Survival Series Book 1),Jack Hunt,4.6 out of 5 stars, ,0.00,2018
The Days of Noah, The Complete Box Set: A Novel of the End Times in America,Mark Goodwin,4.7 out of 5 stars, ,0.00,2017
Star Crusader: Tides of War,Michael G. Thomas,3.5 out of 5 stars, ,0.00,2019
Jailmates (Maxim Colonies Book 1),Lesli Richardson,4.9 out of 5 stars, ,3.99,2019
An Amish Calling: An Anthology of Amish Romance,,, ,0.00,2019
Hopefield,Tim Ferguson,4.8 out of 5 stars, ,0.00,2015
The Letter: A captivating story of forbidden love, secrets, and sacrifice.,Ruth Saberton,4.7 out of 5 stars, ,0.00,2017
The Haunting of Abram Mansion: A Riveting Haunted House Mystery,Alexandria Clarke,4.4 out of 5 stars, ,0.00,2019
The Mage and the Magpie: Magemother Book 1 (A Kids Fantasy Adventure Book Series for Teens and Young Adults),Austin J. Bailey,4.5 out of 5 stars, ,0.00,2015
Land of Silence,Tessa Afshar,4.8 out of 5 stars, ,1.59,2016
Wartime for the District Nurses (The District Nurse, Book 2),Annie Groves,, ,10.99,2019
Run Away,Harlan Coben,4.5 out of 5 stars, ,14.99,2019
Reluctant Queen: Mary Rose Tudor, the Defiant Little Sister of Infamous English King, Henry VIII (The Tudor Dynasty Series Book 1),Geraldine Evans,3.7 out of 5 stars, ,4.99,2014
Of Knights and Dogfights: A WWII Novel,Ellie Midwood,4.6 out of 5 stars, ,3.99,2019
The Magnolia Inn,Carolyn Brown,4.3 out of 5 stars, ,0.00,2019
The Road Home,Beverly Lewis,4.6 out of 5 stars, ,0.00,2018
Etched in Shadow Hill Cemetery,Jocelyn A Dorgan,4.7 out of 5 stars, ,0.00,2016
More Than One Truth,,4.7 out of 5 stars, ,2.99,2018
Addiction,Margaret McHeyzer,4.7 out of 5 stars, ,4.99,2018
Five Fathoms Beneath,J.R. Alcyone,5.0 out of 5 stars, ,0.00,2018
180 Seconds,Jessica Park,4.6 out of 5 stars, ,0.00,2017
Love at First Bark (Free Short Story): A Novella for Dog Lovers (Love Unleashed Book 0),Dana Mentink,4.5 out of 5 stars, ,0.00,2017
American Science Fiction: Eight Classic Novels of the 1960s 2C BOX SET,,, ,75.00,2019
Billionaires in Disguise: Rae: The Wulf and Rae Series, A Romance Novel,Blair Babylon,4.5 out of 5 stars, ,0.00,2013
We Ain't Supposed To Love Like That,,5.0 out of 5 stars, ,0.00,2019
Flights of Fancy (American Heiresses Book #1),Jen Turano,4.6 out of 5 stars, ,0.00,2019
The Woman I Was Before: A gripping emotional page turner with a twist,Kerry Fisher,4.5 out of 5 stars, ,0.99,2019
If She Knew (A Kate Wise Mystery—Book 1),Blake Pierce,4.3 out of 5 stars, ,0.00,2018
The Letter: A captivating story of forbidden love, secrets, and sacrifice.,Ruth Saberton,4.7 out of 5 stars, ,0.00,2017
The Haunting of Abram Mansion: A Riveting Haunted House Mystery,Alexandria Clarke,4.4 out of 5 stars, ,0.00,2019
Rise of the Dragons (Kings and Sorcerers--Book 1),Morgan Rice,4.1 out of 5 stars, ,0.00,2014
The Psychology Workbook for Writers: Tools for Creating Realistic Characters and Conflict in Fiction,Darian Smith,4.2 out of 5 stars, ,9.95,2015
Marking Time (The Immortal Descendants, Book 1),April White,4.7 out of 5 stars, ,0.00,2012
Amish Mercy: Amish Romance (The Amish Bonnet Sisters Book 1),Samantha Price,4.8 out of 5 stars, ,0.00,2019
Inheriting Edith: A Novel,Zoe Fishman,4.3 out of 5 stars, ,0.00,2016
The Clone Problem,Kenneth Preston,5.0 out of 5 stars, ,0.00,2019
Wonderbook (Revised and Expanded): The Illustrated Guide to Creating Imaginative Fiction,Jeff VanderMeer,4.5 out of 5 stars, ,16.99,2018
In Farleigh Field: A Novel of World War II,Rhys Bowen,4.2 out of 5 stars, ,0.00,2017
Etched in Shadow Hill Cemetery,Jocelyn A Dorgan,4.7 out of 5 stars, ,0.00,2016
More Than One Truth,,4.7 out of 5 stars, ,2.99,2018
Addiction,Margaret McHeyzer,4.7 out of 5 stars, ,4.99,2018
Five Fathoms Beneath,J.R. Alcyone,5.0 out of 5 stars, ,0.00,2018
LOCKDOWN: A Post-Apocalyptic Thriller (Reckoning Book 2),Lee West,5.0 out of 5 stars, ,0.00,2019
Five Feet Apart,Rachael Lippincott,4.7 out of 5 stars, ,11.39,2018
Combat Ineffective (A Jock Miles-Moon Brothers Korean War Story Book 1),William Peter Grasso,4.4 out of 5 stars, ,0.00,2018
The Rescue (Ryan Decker Book 1),Steven Konkoly,4.5 out of 5 stars, ,0.00,2019
Princess of Estoria (Royal Brides Book 2),Delaney Diamond,4.8 out of 5 stars, ,0.00,2019
The Last Blackstone Dragon: A Blackstone Mountain Novella,Alicia Montgomery,4.5 out of 5 stars, ,0.00,2017
Alien Invader’s Prey: A Dark SciFi Romance,Calista Skye,4.0 out of 5 stars, ,0.00,2019
The Silent Patient,Alex Michaelides,4.3 out of 5 stars, ,13.99,2019
The Letter: A captivating story of forbidden love, secrets, and sacrifice.,Ruth Saberton,4.7 out of 5 stars, ,0.00,2017
The Haunting of Abram Mansion: A Riveting Haunted House Mystery,Alexandria Clarke,4.4 out of 5 stars, ,0.00,2019
The Man of Legends,Kenneth Johnson,4.3 out of 5 stars, ,6.99,2017
Darkness Rising Box Set: The Complete Darkness Rising Series - Books 1-6,Justin Bell,4.2 out of 5 stars, ,0.00,2019
The Thrice Named Man I: Scythian,Hector Miller,4.7 out of 5 stars, ,0.00,2018
True Places: A Novel,Sonja Yoerg,4.4 out of 5 stars, ,0.00,2019
Journal Empire: How To Make Money with Journals and Planners,,5.0 out of 5 stars, ,0.00,2019
Hazardous Duty: Squeaky Clean Mysteries, Book 1: An Amateur Sleuth Mystery and Suspense Series, Christian Fiction,Christy Barritt,4.5 out of 5 stars, ,0.00,2014
Mail Order Bride 4 Book Box Set: Sweet Clean Historical Western Mail Order Bride Mystery Romance,Karla Gracey,4.3 out of 5 stars, ,0.00,2017
Billionaires in Disguise: Rae: The Wulf and Rae Series, A Romance Novel,Blair Babylon,4.5 out of 5 stars, ,0.00,2013
Etched in Shadow Hill Cemetery,Jocelyn A Dorgan,4.7 out of 5 stars, ,0.00,2016
More Than One Truth,,4.7 out of 5 stars, ,2.99,2018
Addiction,Margaret McHeyzer,4.7 out of 5 stars, ,4.99,2018
Five Fathoms Beneath,J.R. Alcyone,5.0 out of 5 stars, ,0.00,2018
Eternal Knights of Eden: Volume 1: Guardians,,5.0 out of 5 stars, ,0.00,2019
Healing Hands: A SciFi Alien Romance,Stella Cassy,3.7 out of 5 stars, ,0.00,2019
Mask of Duplicity (The Jacobite Chronicles Book 1),Julia Brannan,4.5 out of 5 stars, ,0.00,2015
The Fourteenth Goldfish,Jennifer L. Holm,4.6 out of 5 stars, ,7.99,2016
The Complete Intrepid Saga - A Hard Science Fiction Space Opera Epic (Aeon 14 Collection Book 1),M. D. Cooper,4.5 out of 5 stars, ,0.00,2016
Mail Order Bride 4 Book Box Set: Sweet Clean Historical Western Mail Order Bride Mystery Romance,Karla Gracey,4.3 out of 5 stars, ,0.00,2017
Glory Road,Lauren K. Denton,4.5 out of 5 stars, ,9.99,2019
Birth of the Alliance (The Aliomenti Saga - Book 4),Alex Albrinck,4.5 out of 5 stars, ,0.00,2013
The Letter: A captivating story of forbidden love, secrets, and sacrifice.,Ruth Saberton,4.7 out of 5 stars, ,0.00,2017
The Haunting of Abram Mansion: A Riveting Haunted House Mystery,Alexandria Clarke,4.4 out of 5 stars, ,0.00,2019
Vow of Retribution,Emma Renshaw,4.6 out of 5 stars, ,3.99,2018
Winter Cottage,Mary Ellen Taylor,4.6 out of 5 stars, ,0.00,2018
Apocalypse (The Wasteland Chronicles, Book 1),Kyle West,4.0 out of 5 stars, ,0.00,2012
Major Surgery,Lola  Keeley,4.2 out of 5 stars, ,9.99,2019
Rules of Conflict: A Post-Apocalyptic EMP Survival Thriller (Survival Rules Series Book 2),Jack Hunt,4.6 out of 5 stars, ,0.00,2019
Oil and Marble: A Novel of Leonardo and Michelangelo,Stephanie Storey,4.4 out of 5 stars, ,11.55,2018
A Courtship to Remember: A Historical Regency Romance Book,Bridget Barton,4.7 out of 5 stars, ,0.00,2019
A Rebel without a Rogue (The Penningtons Book 1),Bliss Bennet,4.4 out of 5 stars, ,0.00,2015
Etched in Shadow Hill Cemetery,Jocelyn A Dorgan,4.7 out of 5 stars, ,0.00,2016
More Than One Truth,,4.7 out of 5 stars, ,2.99,2018
Addiction,Margaret McHeyzer,4.7 out of 5 stars, ,4.99,2018
Five Fathoms Beneath,J.R. Alcyone,5.0 out of 5 stars, ,0.00,2018
Ireland: A Novel,Frank Delaney,4.5 out of 5 stars, ,11.99,2009
Very Irresistible Playboy: A Romantic Comedy (Billionaire Bachelors Book 1),Lila Monroe,4.5 out of 5 stars, ,0.00,2018
House of Shadows: An Enthralling Historical Mystery,Nicola Cornick,4.3 out of 5 stars, ,5.99,2017
The Beantown Girls,Jane Healey,4.7 out of 5 stars, ,0.00,2019
Darkness Rising Box Set: The Complete Darkness Rising Series - Books 1-6,Justin Bell,4.2 out of 5 stars, ,0.00,2019
When Life Gives You Lululemons,Lauren Weisberger,4.2 out of 5 stars, ,12.99,2018
Forgotten Secrets (Singing River Book 1),Robin Perini,4.5 out of 5 stars, ,0.00,2016
A Lily in the Light,Kristin Fields,4.3 out of 5 stars, ,0.00,2019
The Letter: A captivating story of forbidden love, secrets, and sacrifice.,Ruth Saberton,4.7 out of 5 stars, ,0.00,2017
The Haunting of Abram Mansion: A Riveting Haunted House Mystery,Alexandria Clarke,4.4 out of 5 stars, ,0.00,2019
The Atlantis Gene: A Thriller (The Origin Mystery, Book 1),A.G. Riddle,4.1 out of 5 stars, ,0.00,2013
Intertwined Hearts (Caleb & Abby),Kimi Flores,4.4 out of 5 stars, ,0.00,2013
Brought To Our Senses: A Family Saga Novel,Kathleen H. Wheeler,4.5 out of 5 stars, ,0.99,2017
Secrets Never Die (Morgan Dane Book 5),Melinda Leigh,4.8 out of 5 stars, ,0.00,2019
Octavia's Brood: Science Fiction Stories from Social Justice Movements,Walidah Imarisha,4.2 out of 5 stars, ,18.00,2015
The Almost Wife: An absolutely gripping and emotional page turner,Jade Beer,4.2 out of 5 stars, ,10.99,2018
Astounding: John W. Campbell, Isaac Asimov, Robert A. Heinlein, L. Ron Hubbard, and the Golden Age of Science Fiction,Alec Nevala-Lee,4.5 out of 5 stars, ,18.89,2018
Everything We Keep: A Novel,Kerry Lonsdale,4.2 out of 5 stars, ,0.00,2016
Etched in Shadow Hill Cemetery,Jocelyn A Dorgan,4.7 out of 5 stars, ,0.00,2016
More Than One Truth,,4.7 out of 5 stars, ,2.99,2018
Addiction,Margaret McHeyzer,4.7 out of 5 stars, ,4.99,2018
Five Fathoms Beneath,J.R. Alcyone,5.0 out of 5 stars, ,0.00,2018
Astounding: John W. Campbell, Isaac Asimov, Robert A. Heinlein, L. Ron Hubbard, and the Golden Age of Science Fiction,Alec Nevala-Lee,4.5 out of 5 stars, ,18.89,2018
Everything We Keep: A Novel,Kerry Lonsdale,4.2 out of 5 stars, ,0.00,2016
Justice Comes Home (The Texas Riders Western) (A Western Frontier Fiction),Joseph Powell,4.3 out of 5 stars, ,0.00,2019
The Sexy One (One Love Book 1),Lauren Blakely,4.4 out of 5 stars, ,0.00,2016
Mercy's Heart (The ChristKeepers Book 1),Grace Walton,4.5 out of 5 stars, ,0.00,2014
Eternal Vows - Book 1 (The Ruby Ring Saga),Chrissy Peebles,3.9 out of 5 stars, ,0.00,2013
Barbarian's Seduction: A SciFi Alien Romance (Ice Planet Barbarians Book 20),Ruby Dixon,4.7 out of 5 stars, ,0.00,2019
The First Love,Beverly Lewis,4.5 out of 5 stars, ,0.00,2018
The Letter: A captivating story of forbidden love, secrets, and sacrifice.,Ruth Saberton,4.7 out of 5 stars, ,0.00,2017
The Haunting of Abram Mansion: A Riveting Haunted House Mystery,Alexandria Clarke,4.4 out of 5 stars, ,0.00,2019
The Forgiving Jar (Free Preview) (The Prayer Jars Book 2),Wanda E. Brunstetter,4.1 out of 5 stars, ,0.00,2018
Big Sexy Love: The laugh out loud romantic comedy that everyone's raving about!,Kirsty Greenwood,4.7 out of 5 stars, ,0.00,2017
Marcus (Hell Squad Book 1),Anna Hackett,4.6 out of 5 stars, ,0.00,2015
Don't Stop Me Now: The perfect laugh out loud romantic comedy,Colleen Coleman,4.2 out of 5 stars, ,2.99,2017
The Secret of the Ballet Book: (Kids Fantasy Books, Ballerina Fiction) (Kids Mystery, Girls Books Ages 9-12, Ballet Stories, Dance Books, Kids Books, Kids Fantasy Books Ages 9-12),,4.7 out of 5 stars, ,5.29,2015
Love, Lies, and Homemade Pie: An Abundance Series Prequel (The Abundance Series Book 0),Sally Bayless,4.8 out of 5 stars, ,0.00,2019
The French Orphan,Michael Stolle,3.5 out of 5 stars, ,0.00,2013
The Complete Harvard Classics and Shelf of Fiction (A to Z Classics),Charles W. Eliot,3.9 out of 5 stars, ,1.99,2019
Etched in Shadow Hill Cemetery,Jocelyn A Dorgan,4.7 out of 5 stars, ,0.00,2016
More Than One Truth,,4.7 out of 5 stars, ,2.99,2018
Addiction,Margaret McHeyzer,4.7 out of 5 stars, ,4.99,2018
Five Fathoms Beneath,J.R. Alcyone,5.0 out of 5 stars, ,0.00,2018
The Naturalist,Andrew Mayne,4.3 out of 5 stars, ,0.00,2017
Southern Roots (The Compass Series Book 2),Lise Gold,4.7 out of 5 stars, ,0.00,2019
Rise of the Locusts: A Post-Apocalyptic Techno-Thriller (Cyber Armageddon Book 1),Mark Goodwin,4.8 out of 5 stars, ,0.00,2019
Belle of the Ball: Three Graces Trilogy, Book 1,Pam McCutcheon,4.2 out of 5 stars, ,0.00,2014
Sascha Martin's Rocket-Ship: A hilarious sci fi action and adventure book for kids (Sascha Martin's Misadventures 1),John Arthur Nichol,4.6 out of 5 stars, ,0.00,2016
The Norton Anthology of Short Fiction, Shorter 7th Edition,Richard Bausch,4.2 out of 5 stars, ,,
The MacKinnon's Bride (The Highland Brides Book 1),Tanya Anne Crosby,4.3 out of 5 stars, ,0.00,2017
The Magic Factory (Oliver Blue and the School for Seers—Book One),Morgan Rice,4.2 out of 5 stars, ,0.00,2018
The Letter: A captivating story of forbidden love, secrets, and sacrifice.,Ruth Saberton,4.7 out of 5 stars, ,0.00,2017
The Haunting of Abram Mansion: A Riveting Haunted House Mystery,Alexandria Clarke,4.4 out of 5 stars, ,0.00,2019
Greatest Enemy: An Action Thriller Novel (David Rivers Book 1),Jason Kasper,4.2 out of 5 stars, ,0.00,2016
Red Sparrow: A Novel (The Red Sparrow Trilogy Book 1),Jason Matthews,4.4 out of 5 stars, ,8.99,2013
How to Bake a Murder (A Cookie and Cream Cozy Mystery Book 1),K.J. Emrick,4.5 out of 5 stars, ,0.00,2016
Templar Steel (The Brotherhood Book 1),K. M.  Ashman,4.8 out of 5 stars, ,0.00,2018
Heart So Reckless: A Standalone Novel,K.C. Mills,4.9 out of 5 stars, ,0.00,2019
Miss Sylvia's Stolen Bible: Kari Jacobs Lawyer Sleuth Cozy Mystery Series Book 1,Harper Harris,4.6 out of 5 stars, ,0.00,2018
Hurst: A Pandemic Survival Thriller (The Hurst Chronicles Book 1),Robin Crumby,4.1 out of 5 stars, ,0.00,2016
Silent Crime (Hangman Book 1),WL Knightly,4.1 out of 5 stars, ,0.00,2019
Etched in Shadow Hill Cemetery,Jocelyn A Dorgan,4.7 out of 5 stars, ,0.00,2016
More Than One Truth,,4.7 out of 5 stars, ,2.99,2018
